model_id,baseline_id,split,signal_days,avg_overlap_count,avg_overlap_ratio_model,avg_overlap_ratio_baseline,avg_model_only_count,avg_baseline_only_count,avg_overlap_return,avg_model_only_return,avg_baseline_only_return,model_only_minus_baseline_only,avg_model_daily_return,avg_baseline_daily_return,avg_replacement_return_diff,replacement_diff_pf,replacement_diff_positive_day_rate
logistic_primary_sgd_l2,combo_low_liquidity_weak_momentum,research_holdout,328,6.890243902439025,0.3445121951219512,0.3445121951219512,13.109756097560975,13.109756097560975,0.008437957367273036,0.008280336665965747,0.008631073158599718,-0.00035073649263397087,0.008522195202436982,0.008620458980733348,-9.82637782963659e-05,0.9806797928543499,0.5060975609756098
logistic_primary_sgd_l2,combo_low_size_low_liquidity,research_holdout,328,6.658536585365853,0.3329268292682927,0.3329268292682927,13.341463414634147,13.341463414634147,0.0069510147655653534,0.008651738220044105,0.009038198193050915,-0.00038645997300680926,0.008522195202436982,0.009010606489988079,-0.0004884112875510985,0.9159575030264498,0.5
logistic_primary_sgd_l2,low_log_amount,research_holdout,328,4.710365853658536,0.23551829268292682,0.23551829268292682,15.289634146341463,15.289634146341463,0.006311649580266279,0.008142151071904625,0.00593340942789627,0.0022087416440083546,0.008522195202436982,0.006137998258078351,0.0023841969443586294,1.4625336125301123,0.5853658536585366
logistic_primary_sgd_l2,low_log_total_mv,research_holdout,328,0.8871951219512195,0.04435975609756098,0.04435975609756098,19.11280487804878,19.11280487804878,0.010764676552135236,0.008428254609825714,0.010124761303272589,-0.001696506693446875,0.008522195202436982,0.010210613481014336,-0.0016884182785773568,0.880741483836894,0.5640243902439024
logistic_primary_sgd_l2,low_stock_amount_share_in_industry,research_holdout,328,2.3536585365853657,0.1176829268292683,0.1176829268292683,17.646341463414632,17.646341463414632,0.007788238770640603,0.008580239644794381,0.007170553405943074,0.001409686238851307,0.008522195202436982,0.007078204817076282,0.0014439903853607013,1.2629298194189182,0.5335365853658537
logistic_primary_sgd_l2,low_stock_ret_60d,research_holdout,328,0.24390243902439024,0.012195121951219513,0.012195121951219513,19.75609756097561,19.75609756097561,0.005036967499874584,0.008514006419089719,0.009905650778058609,-0.0013916443589688902,0.008522195202436982,0.009926589919772548,-0.0014043947173355657,0.884608137288918,0.4603658536585366
ridge_conditional_industry_ablation,combo_low_liquidity_weak_momentum,research_holdout,328,3.7560975609756095,0.18780487804878046,0.18780487804878046,16.24390243902439,16.24390243902439,0.006531357990490956,0.010236156513168634,0.008464623953391995,0.0017715325597766392,0.00990817940900897,0.008620458980733348,0.0012877204282756229,1.1743139638784375,0.49390243902439024
ridge_conditional_industry_ablation,combo_low_size_low_liquidity,research_holdout,328,6.673780487804878,0.3336890243902439,0.3336890243902439,13.326219512195122,13.326219512195122,0.011079237991494129,0.009638070439051885,0.007517508259187185,0.0021205621798647007,0.00990817940900897,0.009010606489988079,0.0008975729190208901,1.149510311741003,0.4847560975609756
ridge_conditional_industry_ablation,low_log_amount,research_holdout,328,6.0,0.30000000000000004,0.30000000000000004,14.0,14.0,0.008787522287095645,0.009623145321173497,0.004180751571786873,0.005442393749386624,0.00990817940900897,0.006137998258078351,0.0037701811509306188,1.93437611201408,0.6036585365853658
ridge_conditional_industry_ablation,low_log_total_mv,research_holdout,328,1.8871951219512195,0.09435975609756098,0.09435975609756098,18.11280487804878,18.11280487804878,0.010517552587554735,0.009652832077841976,0.009975093551072406,-0.00032226147323042957,0.00990817940900897,0.010210613481014336,-0.0003024340720053669,0.9725384160015228,0.5579268292682927
ridge_conditional_industry_ablation,low_stock_amount_share_in_industry,research_holdout,328,4.362804878048781,0.21814024390243905,0.21814024390243905,15.637195121951219,15.637195121951219,0.006444594049433135,0.010621922310936302,0.0072498776564993315,0.00337204465443697,0.00990817940900897,0.007078204817076282,0.0028299745919326894,1.597403779292882,0.524390243902439
ridge_conditional_industry_ablation,low_stock_ret_60d,research_holdout,328,0.3323170731707317,0.016615853658536586,0.016615853658536586,19.66768292682927,19.66768292682927,0.03018854414063453,0.009567026284111706,0.009620896537500756,-5.3870253389050327e-05,0.00990817940900897,0.009926589919772548,-1.8410510763576966e-05,0.998399963849701,0.5030487804878049
ridge_primary_alpha1,combo_low_liquidity_weak_momentum,research_holdout,328,4.100609756097561,0.20503048780487804,0.20503048780487804,15.899390243902438,15.899390243902438,0.004791279927162064,0.010070625035231621,0.008733133456460755,0.001337491578770866,0.009436869828223041,0.008620458980733348,0.0008164108474896934,1.1095560346472497,0.4817073170731707
ridge_primary_alpha1,combo_low_size_low_liquidity,research_holdout,328,6.25,0.3125,0.3125,13.75,13.75,0.010081445314796171,0.00910780885991829,0.008299169348455763,0.0008086395114625267,0.009436869828223041,0.009010606489988079,0.0004262633382349616,1.06415511847501,0.49085365853658536
ridge_primary_alpha1,low_log_amount,research_holdout,328,5.326219512195122,0.2663109756097561,0.2663109756097561,14.673780487804878,14.673780487804878,0.0067507614995584095,0.009511618339667086,0.005546548705281952,0.003965069634385134,0.009436869828223041,0.006137998258078351,0.0032988715701446902,1.6599636278364998,0.5487804878048781
ridge_primary_alpha1,low_log_total_mv,research_holdout,328,1.8841463414634145,0.09420731707317073,0.09420731707317073,18.115853658536587,18.115853658536587,0.0054895093248277125,0.009420698184194427,0.010233289325892079,-0.0008125911416976515,0.009436869828223041,0.010210613481014336,-0.0007737436527912961,0.9316714505475455,0.5457317073170732
ridge_primary_alpha1,low_stock_amount_share_in_industry,research_holdout,328,2.7621951219512195,0.13810975609756096,0.13810975609756096,17.23780487804878,17.23780487804878,0.006889270595995115,0.009586464675143512,0.007099354950297415,0.0024871097248460967,0.009436869828223041,0.007078204817076282,0.002358665011146761,1.4143574540615491,0.5152439024390244
ridge_primary_alpha1,low_stock_ret_60d,research_holdout,328,0.6615853658536586,0.03307926829268293,0.03307926829268293,19.338414634146343,19.338414634146343,0.00885437846590497,0.009647965391624587,0.010183031083454936,-0.0005350656918303495,0.009436869828223041,0.009926589919772548,-0.0004897200915495055,0.9581202777182548,0.5060975609756098
logistic_primary_sgd_l2,combo_low_liquidity_weak_momentum,train,1155,7.698701298701299,0.38493506493506496,0.38493506493506496,12.301298701298702,12.301298701298702,0.0032546297192647036,0.0032059023332975983,0.0030758396001897737,0.00013006273310782468,0.003274053737099454,0.0032004379977607447,7.361573933870948e-05,1.0154973007604682,0.5116883116883116
logistic_primary_sgd_l2,combo_low_size_low_liquidity,train,1215,6.768724279835391,0.33843621399176954,0.33843621399176954,13.231275720164609,13.231275720164609,0.0019424421941750928,0.0037650092206272974,0.0025871428825894904,0.001177866338037807,0.0030089674452868412,0.0022923630469456236,0.0007166043983412172,1.177270609908607,0.516872427983539
logistic_primary_sgd_l2,low_log_amount,train,1215,4.436213991769547,0.22181069958847738,0.22181069958847738,15.563786008230453,15.563786008230453,0.0011429287410988102,0.003571303053254801,0.0035725226803562517,-1.2196271014508486e-06,0.0030089674452868412,0.003352984119184931,-0.00034401667389808956,0.9526703204615397,0.5300411522633744
logistic_primary_sgd_l2,low_log_total_mv,train,1215,2.031275720164609,0.10156378600823046,0.10156378600823046,17.968724279835392,17.968724279835392,0.002574286873308803,0.003132651214190397,0.0022574706099534993,0.0008751806042368976,0.0030089674452868412,0.0023657592403623757,0.0006432082049244655,1.08458979728468,0.5325102880658437
logistic_primary_sgd_l2,low_stock_amount_share_in_industry,train,1215,3.146502057613169,0.15732510288065843,0.15732510288065843,16.85349794238683,16.85349794238683,0.0017705282780029164,0.0031405365361311306,0.004437211296198708,-0.0012966747600675773,0.0030089674452868412,0.004344755410111012,-0.0013357879648241702,0.823867254395054,0.48559670781893005
logistic_primary_sgd_l2,low_stock_ret_60d,train,1155,0.17402597402597403,0.008701298701298701,0.008701298701298701,19.825974025974027,19.825974025974027,0.036670309971713874,0.002992817403862742,0.0035816707746884643,-0.0005888533708257224,0.003274053737099454,0.0038492954166887594,-0.0005752416795893046,0.959236858711887,0.5056277056277056
ridge_conditional_industry_ablation,combo_low_liquidity_weak_momentum,train,1155,4.63030303030303,0.2315151515151515,0.2315151515151515,15.36969696969697,15.36969696969697,0.004134560701850306,0.0035952350940778076,0.00316412338235423,0.0004311117117235777,0.0037551667038471875,0.0032004379977607447,0.0005547287060864426,1.1009931409526574,0.541991341991342
ridge_conditional_industry_ablation,combo_low_size_low_liquidity,train,1215,6.9069958847736626,0.34534979423868317,0.34534979423868317,13.093004115226337,13.093004115226337,0.002398223660545333,0.004130102912420097,0.0023684656971958962,0.0017616372152242008,0.003538274176664336,0.0022923630469456236,0.001245911129718711,1.3104974629249984,0.5259259259259259
ridge_conditional_industry_ablation,low_log_amount,train,1215,4.25761316872428,0.21288065843621398,0.21288065843621398,15.74238683127572,15.74238683127572,0.001639455021293363,0.004068843395572494,0.003220245710550117,0.0008485976850223769,0.003538274176664336,0.003352984119184931,0.00018529005747940409,1.0250044402722691,0.5456790123456791
ridge_conditional_industry_ablation,low_log_total_mv,train,1215,3.096296296296296,0.15481481481481482,0.15481481481481482,16.903703703703705,16.903703703703705,0.0021301909495640885,0.0037543984517486263,0.002300469913889196,0.0014539285378594303,0.003538274176664336,0.0023657592403623757,0.0011725149363019593,1.1824491547554088,0.5259259259259259
ridge_conditional_industry_ablation,low_stock_amount_share_in_industry,train,1215,4.605761316872428,0.23028806584362135,0.23028806584362135,15.394238683127572,15.394238683127572,0.002125590288969536,0.003978981516912127,0.004742947892089002,-0.0007639663751768744,0.003538274176664336,0.004344755410111012,-0.0008064812334466764,0.8881032877716885,0.49876543209876545
ridge_conditional_industry_ablation,low_stock_ret_60d,train,1155,0.2943722943722944,0.01471861471861472,0.01471861471861472,19.705627705627705,19.705627705627705,0.031188258895438296,0.0034599713527079983,0.0035757371052933464,-0.00011576575258534809,0.0037551667038471875,0.0038492954166887594,-9.412871284157139e-05,0.9930705158090556,0.5341991341991342
ridge_primary_alpha1,combo_low_liquidity_weak_momentum,train,1155,5.158441558441559,0.2579220779220779,0.2579220779220779,14.841558441558442,14.841558441558442,0.004184948789564554,0.0037119473588828867,0.00302330437980238,0.0006886429790805065,0.003815688350057117,0.0032004379977607447,0.0006152503522963736,1.1174928638398458,0.5367965367965368
ridge_primary_alpha1,combo_low_size_low_liquidity,train,1215,6.761316872427984,0.3380658436213992,0.3380658436213992,13.238683127572017,13.238683127572017,0.0024419949154373156,0.004041936007795965,0.00226312526622463,0.0017788107415713347,0.0035992561548162773,0.0022923630469456236,0.0013068931078706538,1.3276544464550828,0.5259259259259259
ridge_primary_alpha1,low_log_amount,train,1215,3.8584362139917694,0.19292181069958847,0.19292181069958847,16.14156378600823,16.14156378600823,0.0015312236845313072,0.0041136544434403,0.003267741387907323,0.0008459130555329769,0.0035992561548162773,0.003352984119184931,0.00024627203563134674,1.0331581447601137,0.5333333333333333
ridge_primary_alpha1,low_log_total_mv,train,1215,3.1761316872427985,0.15880658436213993,0.15880658436213993,16.823868312757202,16.823868312757202,0.002370433877099332,0.003931770103859745,0.0023569201138461345,0.0015748499900136103,0.0035992561548162773,0.0023657592403623757,0.0012334969144539019,1.191891516430424,0.5152263374485597
ridge_primary_alpha1,low_stock_amount_share_in_industry,train,1215,3.2106995884773664,0.16053497942386832,0.16053497942386832,16.789300411522635,16.789300411522635,0.0010502257603077635,0.0040496372727531005,0.004671561923625146,-0.0006219246508720458,0.0035992561548162773,0.004344755410111012,-0.0007454992552947341,0.898405479855805,0.4897119341563786
ridge_primary_alpha1,low_stock_ret_60d,train,1155,0.3142857142857143,0.015714285714285715,0.015714285714285715,19.685714285714287,19.685714285714287,0.0325036494809196,0.003459326976121342,0.003515471364754228,-5.6144388632886014e-05,0.003815688350057117,0.0038492954166887594,-3.360706663164037e-05,0.9975077712600808,0.5203463203463203
logistic_primary_sgd_l2,combo_low_liquidity_weak_momentum,validation,484,8.398760330578513,0.4199380165289256,0.4199380165289256,11.601239669421487,11.601239669421487,0.007639656594037285,0.005898992173197897,0.0032482573132567773,0.0026507348599411193,0.006747865607892956,0.004732306918420068,0.0020155586894728883,1.3875946213416157,0.5103305785123967
logistic_primary_sgd_l2,combo_low_size_low_liquidity,validation,484,5.132231404958677,0.25661157024793385,0.25661157024793385,14.867768595041323,14.867768595041323,0.006763867543677997,0.007179945053874797,0.0058645741763361115,0.0013153708775386855,0.006747865607892956,0.005575893933601551,0.0011719716742914017,1.1900681855532709,0.4896694214876033
logistic_primary_sgd_l2,low_log_amount,validation,484,3.8863636363636362,0.1943181818181818,0.1943181818181818,16.113636363636363,16.113636363636363,0.0030332950025117214,0.007015654797236484,0.008538063121377705,-0.001522408324141221,0.006747865607892956,0.008214628539122583,-0.0014667629312296268,0.8515201389242,0.5
logistic_primary_sgd_l2,low_log_total_mv,validation,484,1.743801652892562,0.0871900826446281,0.0871900826446281,18.25619834710744,18.25619834710744,0.015520794118510008,0.006590453727384996,0.020722803155582697,-0.014132349428197702,0.006747865607892956,0.02050614879321123,-0.013758283185318274,0.49419043165675874,0.48760330578512395
logistic_primary_sgd_l2,low_stock_amount_share_in_industry,validation,484,2.700413223140496,0.13502066115702477,0.13502066115702477,17.299586776859503,17.299586776859503,0.0046140552078207065,0.006793248004768682,0.008666432999672092,-0.0018731849949034096,0.006747865607892956,0.008420079732945288,-0.0016722141250523318,0.8293629398570916,0.512396694214876
logistic_primary_sgd_l2,low_stock_ret_60d,validation,484,0.09090909090909091,0.004545454545454546,0.004545454545454546,19.90909090909091,19.90909090909091,-0.009705896171667934,0.00681905328895237,0.005071736340269881,0.001747316948682489,0.006747865607892956,0.005011874565637244,0.00173599104225571,1.1238231978906061,0.5289256198347108
ridge_conditional_industry_ablation,combo_low_liquidity_weak_momentum,validation,484,6.274793388429752,0.31373966942148757,0.31373966942148757,13.725206611570249,13.725206611570249,0.009774170313149847,0.005248251112100891,0.003659161416751552,0.001589089695349339,0.006336272277748928,0.004732306918420068,0.001603965359328861,1.2383187589180666,0.5041322314049587
ridge_conditional_industry_ablation,combo_low_size_low_liquidity,validation,484,5.485537190082645,0.2742768595041322,0.2742768595041322,14.514462809917354,14.514462809917354,0.005320437211829042,0.006570623791671847,0.005969007549663845,0.0006016162420080023,0.006336272277748928,0.005575893933601551,0.0007603783441473748,1.1128043856675407,0.4793388429752066
ridge_conditional_industry_ablation,low_log_amount,validation,484,4.316115702479339,0.21580578512396692,0.21580578512396692,15.683884297520661,15.683884297520661,0.003924505491944762,0.006323760206038553,0.008950609539343497,-0.002626849333304944,0.006336272277748928,0.008214628539122583,-0.0018783562613736544,0.8165188421967338,0.4772727272727273
ridge_conditional_industry_ablation,low_log_total_mv,validation,484,2.274793388429752,0.1137396694214876,0.1137396694214876,17.725206611570247,17.725206611570247,0.018440492503959887,0.005751404439386334,0.02039726782821512,-0.014645863388828787,0.006336272277748928,0.02050614879321123,-0.014169876515462303,0.4803869892050926,0.4607438016528926
ridge_conditional_industry_ablation,low_stock_amount_share_in_industry,validation,484,3.2954545454545454,0.16477272727272727,0.16477272727272727,16.704545454545453,16.704545454545453,0.004278742836573558,0.006504716490843266,0.008985531848593053,-0.002480815357749787,0.006336272277748928,0.008420079732945288,-0.0020838074551963585,0.7863335931943753,0.49173553719008267
ridge_conditional_industry_ablation,low_stock_ret_60d,validation,484,0.10330578512396695,0.005165289256198347,0.005165289256198347,19.89669421487603,19.89669421487603,0.03959736008523069,0.0062052195647483216,0.004893151297553794,0.0013120682671945274,0.006336272277748928,0.005011874565637244,0.0013243977121116825,1.0922144990974774,0.5
ridge_primary_alpha1,combo_low_liquidity_weak_momentum,validation,484,6.386363636363637,0.31931818181818183,0.31931818181818183,13.613636363636363,13.613636363636363,0.009276163206633027,0.00661097036479812,0.0035238021065892335,0.003087168258208887,0.007295493397135952,0.004732306918420068,0.0025631864787158845,1.398331654818154,0.5
ridge_primary_alpha1,combo_low_size_low_liquidity,validation,484,4.712809917355372,0.23564049586776858,0.23564049586776858,15.287190082644628,15.287190082644628,0.005590336026427281,0.007661108662069409,0.0060620020423880535,0.0015991066196813552,0.007295493397135952,0.005575893933601551,0.0017195994635343982,1.2525668696123213,0.493801652892562
ridge_primary_alpha1,low_log_amount,validation,484,3.6115702479338845,0.18057851239669423,0.18057851239669423,16.388429752066116,16.388429752066116,0.0042703313287941755,0.007343461815301331,0.00876113396218523,-0.0014176721468838992,0.007295493397135952,0.008214628539122583,-0.00091913514198663,0.9108084630921707,0.5103305785123967
ridge_primary_alpha1,low_log_total_mv,validation,484,2.196280991735537,0.10981404958677686,0.10981404958677686,17.803719008264462,17.803719008264462,0.016757949239170667,0.006826443981592428,0.02040229725181294,-0.013575853270220511,0.007295493397135952,0.02050614879321123,-0.01321065539607528,0.5098084383759938,0.4731404958677686
ridge_primary_alpha1,low_stock_amount_share_in_industry,validation,484,2.5392561983471076,0.12696280991735537,0.12696280991735537,17.460743801652892,17.460743801652892,0.006725955724953189,0.007474772692560225,0.008780848121384232,-0.001306075428824007,0.007295493397135952,0.008420079732945288,-0.0011245863358093349,0.8858211886062646,0.5
ridge_primary_alpha1,low_stock_ret_60d,validation,484,0.14049586776859505,0.0070247933884297524,0.0070247933884297524,19.859504132231404,19.859504132231404,0.022964363918094446,0.007174028759493456,0.004889711290461367,0.0022843174690320885,0.007295493397135952,0.005011874565637244,0.0022836188314987074,1.164370052322526,0.512396694214876
