rule_id,split,remove_top_winning_days,signal_days,total_trades,avg_selected_count,cumulative_return,mean_daily_return,median_daily_return,daily_win_rate,trade_win_rate,profit_factor,trade_profit_factor,max_drawdown,avg_trade_return,max_daily_return,min_daily_return
combo_low_liquidity_weak_momentum,research_holdout,0,328,6560,20.0,13.51043228993845,0.008620458980733348,0.007948392037320177,0.6554878048780488,0.5596036585365853,2.226293856855249,1.7030792638690653,-0.4124087515675061,0.008620458980733348,0.1089691079961218,-0.10884439116155106
combo_low_liquidity_weak_momentum,research_holdout,1,327,6540,20.0,12.084613615755654,0.008313582378239806,0.007814217081239467,0.654434250764526,0.558256880733945,2.1790338570908703,1.6759833719186634,-0.4124087515675059,0.008313582378239804,0.10896273162952008,-0.10884439116155106
combo_low_liquidity_weak_momentum,research_holdout,3,325,6500,20.0,9.819811953037169,0.007751022462646697,0.007529088205594075,0.6523076923076923,0.5555384615384615,2.0925282505360085,1.626386533577559,-0.4124087515675061,0.007751022462646697,0.08262661246798228,-0.10884439116155106
combo_low_liquidity_weak_momentum,research_holdout,5,323,6460,20.0,8.261981092512595,0.007298503812083989,0.007491475389159841,0.6501547987616099,0.5529411764705883,2.022413748398246,1.587389750770266,-0.4124087515675058,0.007298503812083989,0.07743822314531176,-0.10884439116155106
combo_low_liquidity_weak_momentum,research_holdout,10,318,6360,20.0,5.580059959130221,0.0063004121836458355,0.006953810500016722,0.6446540880503144,0.5463836477987422,1.8689332219495614,1.499377586074137,-0.4289113244844216,0.006300412183645835,0.0635702693772565,-0.10884439116155106
combo_low_liquidity_weak_momentum,research_holdout,20,308,6160,20.0,2.8886186387383987,0.004751121179859552,0.006355901606060668,0.6331168831168831,0.5331168831168831,1.6346541777821653,1.3661548222136477,-0.42891132448442104,0.004751121179859553,0.04701271515519792,-0.10884439116155106
combo_low_size_low_liquidity,research_holdout,0,328,6560,20.0,14.311461384436734,0.009010606489988079,0.010632891164967899,0.6310975609756098,0.5617378048780488,1.9513934082431663,1.6505885120910402,-0.6297914336937063,0.009010606489988077,0.16700942309293207,-0.1309943267592099
combo_low_size_low_liquidity,research_holdout,1,327,6540,20.0,12.120255142290707,0.008527429680804763,0.01061456378322948,0.6299694189602446,0.5603975535168195,1.8976316768698571,1.613824787938077,-0.6297914336937064,0.008527429680804765,0.1365312934045025,-0.1309943267592099
combo_low_size_low_liquidity,research_holdout,3,325,6500,20.0,9.24195995303105,0.007768610308872089,0.010369507192683286,0.6276923076923077,0.5576923076923077,1.812753724737776,1.5557829515027004,-0.6297914336937065,0.00776861030887209,0.11821115345548645,-0.1309943267592099
combo_low_size_low_liquidity,research_holdout,5,323,6460,20.0,7.195509658394679,0.0070866724136775415,0.010229463916132497,0.6253869969040248,0.554953560371517,1.7368467133172152,1.5038756866535854,-0.6297914336937064,0.0070866724136775415,0.1126721782496494,-0.1309943267592099
combo_low_size_low_liquidity,research_holdout,10,318,6360,20.0,4.361349867247017,0.0058041503314901575,0.009517561043309978,0.6194968553459119,0.5488993710691824,1.5941526563674246,1.406603322624294,-0.6297914336937065,0.0058041503314901575,0.06968543147310349,-0.1309943267592099
combo_low_size_low_liquidity,research_holdout,20,308,6160,20.0,1.9159523855632474,0.003953523212296853,0.008633451702667563,0.6071428571428571,0.5358766233766233,1.391983043149649,1.268918280639537,-0.6297914336937063,0.003953523212296853,0.05692702805596075,-0.1309943267592099
low_log_amount,research_holdout,0,328,6560,20.0,4.9603392967895426,0.006137998258078351,0.006031542520819996,0.6067073170731707,0.5382621951219512,1.5747990022523748,1.415713587429671,-0.6885339004425626,0.006137998258078351,0.1546772666212437,-0.12986544515185666
low_log_amount,research_holdout,1,327,6540,20.0,4.161909278971405,0.00568374973097387,0.005897356453896624,0.6055045871559633,0.5368501529051988,1.5306376981429337,1.383774676462585,-0.6885339004425626,0.005683749730973868,0.14267755968878215,-0.12986544515185666
low_log_amount,research_holdout,3,325,6500,20.0,3.046301224777947,0.004921496665411522,0.00585018552435253,0.6030769230769231,0.534,1.4566631386129067,1.3302738363423803,-0.6885339004425628,0.004921496665411522,0.10966091363160797,-0.12986544515185666
low_log_amount,research_holdout,5,323,6460,20.0,2.2864778045601977,0.004273375174451297,0.005544169576723224,0.6006191950464397,0.5311145510835913,1.394084130152606,1.2850146344250448,-0.6885339004425629,0.004273375174451298,0.10877924295463863,-0.12986544515185666
low_log_amount,research_holdout,10,318,6360,20.0,1.087704863768939,0.002846162104195727,0.005403231866678085,0.5943396226415094,0.52437106918239,1.258405737867258,1.1869257980517196,-0.6885339004425626,0.002846162104195727,0.08118759574146037,-0.12986544515185666
low_log_amount,research_holdout,20,308,6160,20.0,0.0915276568790826,0.0007620421099792281,0.004565717934486763,0.5811688311688312,0.5116883116883116,1.0670108440769293,1.0486170417529728,-0.7202425814493091,0.0007620421099792274,0.053528780568685805,-0.12986544515185666
low_log_total_mv,research_holdout,0,328,6560,20.0,16.74980171797688,0.010210613481014336,0.0040490480389946655,0.5396341463414634,0.505640243902439,1.6857729438322266,1.4933365648232861,-0.8212278449184185,0.010210613481014336,0.2481282858667948,-0.14852931385738127
low_log_total_mv,research_holdout,1,327,6540,20.0,13.221135694917834,0.009483036501241306,0.004026983511969085,0.5382262996941896,0.5041284403669725,1.6349650792929336,1.4567860161566215,-0.8212278449184185,0.009483036501241307,0.21956601611727833,-0.14852931385738127
low_log_total_mv,research_holdout,3,325,6500,20.0,8.88963317972728,0.008314744491027006,0.00401287329296251,0.5353846153846153,0.5010769230769231,1.5533334635691596,1.3980612425353487,-0.8212278449184184,0.008314744491027004,0.1738581648653673,-0.14852931385738127
low_log_total_mv,research_holdout,5,323,6460,20.0,6.21259987929851,0.007307595805074685,0.003631604807852573,0.5325077399380805,0.4981424148606811,1.483316594403835,1.347874282873567,-0.8212278449184185,0.007307595805074687,0.15340524306036915,-0.14852931385738127
low_log_total_mv,research_holdout,10,318,6360,20.0,2.7414791712169815,0.005216326828261953,0.0018440438644373807,0.5251572327044025,0.4908805031446541,1.3396617014234415,1.2451010878727993,-0.8212278449184186,0.005216326828261955,0.12573033177851836,-0.14852931385738127
low_log_total_mv,research_holdout,20,308,6160,20.0,0.27068299180492317,0.0016821761383580716,0.00032729449419173777,0.5097402597402597,0.4753246753246753,1.1060905867207795,1.0766847050627282,-0.8212278449184187,0.0016821761383580714,0.09867684782503713,-0.14852931385738127
low_stock_amount_share_in_industry,research_holdout,0,328,6560,20.0,7.066213509696933,0.007078204817076282,0.008495771671790164,0.6158536585365854,0.5388719512195121,1.6863527321647271,1.4565938629830764,-0.5785395018723937,0.007078204817076279,0.16896976759839974,-0.14827261952460632
low_stock_amount_share_in_industry,research_holdout,1,327,6540,20.0,5.900275553121146,0.006583123585329114,0.008418221345264603,0.6146788990825688,0.5374617737003058,1.6363999818793251,1.4233629626739817,-0.5785395018723937,0.006583123585329113,0.12966968269527376,-0.14827261952460632
low_stock_amount_share_in_industry,research_holdout,3,325,6500,20.0,4.430331318837213,0.00584054528728974,0.008390763479809693,0.6123076923076923,0.5346153846153846,1.5611605788083749,1.3733102010446145,-0.5785395018723938,0.005840545287289739,0.12116411422800304,-0.14827261952460632
low_stock_amount_share_in_industry,research_holdout,5,323,6460,20.0,3.33811446941193,0.005140928102607136,0.00784007775419594,0.6099071207430341,0.5318885448916408,1.4909016029938433,1.3271002530041702,-0.5785395018723936,0.005140928102607135,0.08847156765880922,-0.14827261952460632
low_stock_amount_share_in_industry,research_holdout,10,318,6360,20.0,1.9528917609255547,0.003964058698872416,0.00749839764083029,0.6037735849056604,0.5248427672955975,1.372664131594969,1.248484334383548,-0.5785395018723938,0.003964058698872415,0.06924595737381459,-0.14827261952460632
low_stock_amount_share_in_industry,research_holdout,20,308,6160,20.0,0.6206112178633496,0.0020848233305250153,0.0062052099250364205,0.5909090909090909,0.5112012987012987,1.1898324149658361,1.1270271632247086,-0.5927258158820115,0.0020848233305250153,0.05407208822208396,-0.14827261952460632
low_stock_ret_60d,research_holdout,0,328,6560,20.0,17.706427124495782,0.009926589919772548,0.010599823751003247,0.600609756097561,0.504420731707317,1.831860814863715,1.423634554004225,-0.5692227802893268,0.009926589919772546,0.1899077288623758,-0.1500717704511215
low_stock_ret_60d,research_holdout,1,327,6540,20.0,14.72090563894419,0.009376188883250822,0.010259265883833047,0.599388379204893,0.5029051987767584,1.7833409723592946,1.3989252739510676,-0.5692227802893268,0.009376188883250822,0.188355077397879,-0.1500717704511215
low_stock_ret_60d,research_holdout,3,325,6500,20.0,10.243806221269821,0.008311040348039641,0.010209330844914793,0.5969230769230769,0.49984615384615383,1.6901055087324808,1.351444056726773,-0.6099302641968012,0.008311040348039643,0.1723299622611914,-0.1500717704511215
low_stock_ret_60d,research_holdout,5,323,6460,20.0,7.279424176343392,0.007338530443259572,0.009737763438722475,0.5944272445820433,0.4967492260061919,1.6056034840476685,1.308410442328589,-0.6632722550629278,0.0073385304432595725,0.12414639417547077,-0.1500717704511215
low_stock_ret_60d,research_holdout,10,318,6360,20.0,3.981098536913292,0.005771458165942777,0.009468812382444911,0.5880503144654088,0.4900943396226415,1.4689099134898045,1.2398538760139661,-0.663272255062928,0.005771458165942776,0.09480684679950362,-0.1500717704511215
low_stock_ret_60d,research_holdout,20,308,6160,20.0,1.2523230862106725,0.003275986174991629,0.007855655727186567,0.5746753246753247,0.475487012987013,1.2577920495205985,1.1322163665120386,-0.6636756321302548,0.003275986174991629,0.06569308442018412,-0.1500717704511215
combo_low_liquidity_weak_momentum,train,0,1155,23100,20.0,17.705619506465194,0.0032004379977607447,0.0036799483772358534,0.5506493506493506,0.49203463203463205,1.2684135959648515,1.1805814908617844,-0.9141151551298855,0.0032004379977607447,0.12225185130480395,-0.16498422061216111
combo_low_liquidity_weak_momentum,train,1,1154,23080,20.0,15.667933748308645,0.003097273861446149,0.003646846009448426,0.550259965337955,0.4915944540727903,1.2595365482821164,1.1746092505241175,-0.9141151551298855,0.003097273861446149,0.1130034192511491,-0.16498422061216111
combo_low_liquidity_weak_momentum,train,3,1152,23040,20.0,12.491637559377482,0.002909076990833483,0.0036086346464902774,0.5494791666666666,0.49071180555555555,1.2433440896578487,1.1637153972951966,-0.9141151551298854,0.0029090769908334826,0.10813217338816475,-0.16498422061216111
combo_low_liquidity_weak_momentum,train,5,1150,23000,20.0,10.006278737200152,0.0027277627998927335,0.0035865735187521645,0.548695652173913,0.48982608695652174,1.2277810291697477,1.1532449863042367,-0.9141151551298855,0.0027277627998927335,0.10351579525085239,-0.16498422061216111
combo_low_liquidity_weak_momentum,train,10,1145,22900,20.0,5.794991942848638,0.0022974828489241224,0.0034751250222700815,0.5467248908296943,0.4879475982532751,1.191016495430956,1.1285469126467624,-0.9141151551298855,0.002297482848924122,0.09933261898534736,-0.16498422061216111
combo_low_liquidity_weak_momentum,train,20,1135,22700,20.0,1.7775539445504362,0.0014931332001151545,0.0032957526905855127,0.5427312775330396,0.483568281938326,1.1230573396348178,1.0828275996012606,-0.9141151551298855,0.0014931332001151545,0.089487695948176,-0.16498422061216111
combo_low_size_low_liquidity,train,0,1215,24300,20.0,7.038359525132888,0.0022923630469456236,0.004291631273145274,0.5555555555555556,0.5082716049382716,1.2011560410041158,1.1479779857859205,-0.8770336021172227,0.0022923630469456236,0.12045655930994599,-0.15911208081115433
combo_low_size_low_liquidity,train,1,1214,24280,20.0,6.174182219151328,0.0021950284536482586,0.00420179715348582,0.5551894563426688,0.5078665568369028,1.1924563494191178,1.141578163880098,-0.8770336021172227,0.002195028453648259,0.11585722679639439,-0.15911208081115433
combo_low_size_low_liquidity,train,3,1212,24240,20.0,4.820422363494817,0.0020167463275810836,0.004089836715392714,0.5544554455445545,0.5070957095709571,1.1765335672929556,1.1298727932003765,-0.8770336021172228,0.0020167463275810836,0.09940104041021672,-0.15911208081115433
combo_low_size_low_liquidity,train,5,1210,24200,20.0,3.8281559277008945,0.0018581605084427486,0.004064789663806138,0.5537190082644629,0.5062809917355372,1.1623835377009895,1.1194628530674218,-0.8770336021172227,0.0018581605084427484,0.095801305582234,-0.15911208081115433
combo_low_size_low_liquidity,train,10,1205,24100,20.0,2.1384406265490554,0.0014925339860431335,0.003934155127385491,0.5518672199170125,0.5042323651452282,1.129892680372655,1.0955598726914393,-0.8770336021172227,0.0014925339860431333,0.08238993745585284,-0.15911208081115433
combo_low_size_low_liquidity,train,20,1195,23900,20.0,0.4703900204168727,0.0008458537004045632,0.003693574982379655,0.5481171548117155,0.5002510460251046,1.0730023030894813,1.053711561966585,-0.8856972997961655,0.0008458537004045637,0.0753787924495426,-0.15911208081115433
low_log_amount,train,0,1215,24300,20.0,24.020353204666712,0.003352984119184931,0.0027293741309169783,0.5415637860082304,0.49979423868312756,1.306711242631703,1.2202254400820804,-0.9024614423285247,0.00335298411918493,0.3686607123608557,-0.15185105318968348
low_log_amount,train,1,1214,24280,20.0,17.280902621591384,0.0030520716577008525,0.0026642257521287183,0.5411861614497528,0.4993822075782537,1.2789557602874109,1.2002963913080125,-0.9024614423285247,0.0030520716577008525,0.32540449560104057,-0.15185105318968348
low_log_amount,train,3,1212,24240,20.0,9.53553640522079,0.0025335404706068837,0.0025656763560108348,0.5404290429042904,0.4985561056105611,1.2311811325606026,1.1659931544079953,-0.9024614423285249,0.0025335404706068837,0.29067230547127343,-0.15185105318968348
low_log_amount,train,5,1210,24200,20.0,5.8695873611674605,0.0021419196373325777,0.0025288906969528568,0.5396694214876033,0.4977685950413223,1.1951238982813284,1.1401032645586333,-0.9024614423285247,0.0021419196373325773,0.1747845915529867,-0.15185105318968348
low_log_amount,train,10,1205,24100,20.0,2.748281748973409,0.001615321704452327,0.002491343345540048,0.537759336099585,0.49576763485477177,1.1465439847853782,1.1052298786181702,-0.917828944945886,0.0016153217044523275,0.10684353840025813,-0.15185105318968348
low_log_amount,train,20,1195,23900,20.0,0.5304775898698892,0.0008444830252941479,0.002219787466494516,0.5338912133891214,0.4918410041841004,1.0759767567595266,1.054572090022999,-0.9511187168995168,0.0008444830252941478,0.08152140570844447,-0.15185105318968348
low_log_total_mv,train,0,1215,24300,20.0,4.294747606090155,0.0023657592403623757,0.003492211067743217,0.5390946502057613,0.49477366255144034,1.152515805136356,1.1164865286418522,-0.9275075022595747,0.0023657592403623752,0.19572942169498475,-0.1755705309859769
low_log_total_mv,train,1,1214,24280,20.0,3.4280482774980072,0.0022064810999549438,0.0034921455232615585,0.5387149917627677,0.49435749588138383,1.1421303832950378,1.1085544868597246,-0.9275075022595745,0.0022064810999549433,0.18242557814880517,-0.1755705309859769
low_log_total_mv,train,3,1212,24240,20.0,2.1867127962784143,0.001915087663074129,0.003443194238823563,0.5379537953795379,0.49356435643564356,1.1231570583672859,1.0940728195620013,-0.9275075022595746,0.0019150876630741286,0.17135373101883547,-0.1755705309859769
low_log_total_mv,train,5,1210,24200,20.0,1.3457373766160594,0.0016445891746081956,0.003371141528685467,0.5371900826446281,0.49272727272727274,1.1055870913281036,1.0806521000279408,-0.9275075022595745,0.0016445891746081963,0.14733131629150203,-0.1755705309859769
low_log_total_mv,train,10,1205,24100,20.0,0.2574248511401376,0.0011001921674151736,0.0031439159680977324,0.5352697095435685,0.49062240663900414,1.0703434435034822,1.053731439803784,-0.9506654735761431,0.0011001921674151738,0.12021614832830689,-0.1755705309859769
low_log_total_mv,train,20,1195,23900,20.0,-0.5634192062419954,0.00017550637331731995,0.0029335059406768948,0.5313807531380753,0.48635983263598326,1.0111283000267013,1.0085002887720953,-0.9553727958971616,0.00017550637331731957,0.09962192276242463,-0.1755705309859769
low_stock_amount_share_in_industry,train,0,1215,24300,20.0,80.30283547215751,0.004344755410111012,0.0035711664081501003,0.5440329218106996,0.5038271604938271,1.3825285107722294,1.2644549877701925,-0.876955796397468,0.004344755410111011,0.2977717981103513,-0.15604899731638416
low_stock_amount_share_in_industry,train,1,1214,24280,20.0,61.64802147075488,0.004103052739023499,0.003567346551345954,0.5436573311367381,0.5034184514003295,1.360950780373036,1.24953756784427,-0.876955796397468,0.004103052739023499,0.2586580113751665,-0.15604899731638416
low_stock_amount_share_in_industry,train,3,1212,24240,20.0,39.08773728816761,0.0036970542976849114,0.0035605643496554127,0.5429042904290429,0.50259900990099,1.324698773330433,1.224475320693743,-0.876955796397468,0.003697054297684912,0.23881830905959758,-0.15604899731638416
low_stock_amount_share_in_industry,train,5,1210,24200,20.0,27.492012613559304,0.0033936087492863402,0.003522900461127634,0.5421487603305785,0.5019834710743801,1.2975564305146918,1.2057410669315252,-0.8769557963974679,0.00339360874928634,0.12551355072270398,-0.15604899731638416
low_stock_amount_share_in_industry,train,10,1205,24100,20.0,15.372972269030154,0.002921475231837916,0.003415720813376988,0.5402489626556016,0.4999585062240664,1.2551005851167787,1.1763918410171124,-0.8833195538654808,0.0029214752318379154,0.11242680642471051,-0.15604899731638416
low_stock_amount_share_in_industry,train,20,1195,23900,20.0,5.400977177332247,0.002121668411380766,0.002617882823281992,0.5364016736401673,0.49598326359832634,1.1837247287184336,1.1271639197486583,-0.893102404154351,0.002121668411380766,0.08655803522400976,-0.15604899731638416
low_stock_ret_60d,train,0,1155,23100,20.0,14.478653568699555,0.0038492954166887594,0.0011609945600376758,0.5038961038961038,0.46220779220779223,1.2067725109351357,1.1346029029272766,-0.9022219523380247,0.0038492954166887586,0.2851839439855045,-0.2072992986064947
low_stock_ret_60d,train,1,1154,23080,20.0,11.043920748572711,0.0036055045600433384,0.0011110373158394026,0.5034662045060658,0.4617417677642981,1.193509117705824,1.12596881891264,-0.9022219523380247,0.003605504560043338,0.24857258791338124,-0.2072992986064947
low_stock_ret_60d,train,3,1152,23040,20.0,6.809599505100908,0.0031918521430606803,0.0007944397575133683,0.5026041666666666,0.46085069444444443,1.1710113042037418,1.111325481448206,-0.9022219523380247,0.0031918521430606794,0.2275725335240558,-0.2072992986064947
low_stock_ret_60d,train,5,1150,23000,20.0,4.365823119221301,0.002838105973545882,0.0004361312504250703,0.5017391304347826,0.45995652173913043,1.1517944954462043,1.0988231422443024,-0.9175299773794503,0.0028381059735458816,0.15994966406469388,-0.2072992986064947
low_stock_ret_60d,train,10,1145,22900,20.0,1.6640668066774915,0.0021940395488761577,-0.00010556500171380878,0.4995633187772926,0.45759825327510917,1.1168367621959263,1.0760645235251218,-0.9175299773794503,0.002194039548876157,0.1452916706771536,-0.2072992986064947
low_stock_ret_60d,train,20,1135,22700,20.0,-0.25625314860063286,0.0010140827991402678,-0.0005417298024205042,0.4951541850220264,0.45308370044052865,1.0535301983504564,1.0348551925816034,-0.9269706972839062,0.0010140827991402678,0.12295057494674752,-0.2072992986064947
combo_low_liquidity_weak_momentum,validation,0,484,9680,20.0,3.4204532724790093,0.004732306918420068,-0.0024260898147837632,0.4607438016528926,0.4580578512396694,1.328498228807605,1.2320288883920578,-0.8842751415675365,0.004732306918420066,0.5914288577738238,-0.22707616071038067
combo_low_liquidity_weak_momentum,validation,1,483,9660,20.0,1.7776631364235627,0.0035176142665455244,-0.0024892371566076323,0.45962732919254656,0.456935817805383,1.2436745158912428,1.1721151656036235,-0.8842751415675365,0.003517614266545525,0.37858497675761876,-0.22707616071038067
combo_low_liquidity_weak_momentum,validation,3,481,9620,20.0,0.48856818904637067,0.0020101109650737,-0.002743182129874461,0.4573804573804574,0.4546777546777547,1.1386691572528707,1.0979464958713414,-0.8842751415675365,0.0020101109650736996,0.30372053808852295,-0.22707616071038067
combo_low_liquidity_weak_momentum,validation,5,479,9580,20.0,-0.10170416236726243,0.0008185519515381251,-0.002800322165616498,0.4551148225469729,0.4525052192066806,1.0562336830616492,1.0397198917037414,-0.8842751415675365,0.0008185519515381251,0.20481800237255526,-0.22707616071038067
combo_low_liquidity_weak_momentum,validation,10,474,9480,20.0,-0.626001474604883,-0.0011938964344489769,-0.0030322810874856025,0.44936708860759494,0.4471518987341772,0.9188366873982589,0.9426417975895738,-0.8842751415675365,-0.001193896434448977,0.16516245998813567,-0.22707616071038067
combo_low_liquidity_weak_momentum,validation,20,464,9280,20.0,-0.8735469898803023,-0.0036950075589226414,-0.0035427660724545425,0.4375,0.4358836206896552,0.7541059166881738,0.8261565522824741,-0.9399272969099869,-0.003695007558922642,0.0888722157353479,-0.22707616071038067
combo_low_size_low_liquidity,validation,0,484,9680,20.0,5.491081184972882,0.005575893933601552,-0.0027985631194502366,0.45661157024793386,0.4558884297520661,1.4378181236973833,1.3379376289083411,-0.852403882593952,0.005575893933601554,0.5266750184450688,-0.23747716216166376
combo_low_size_low_liquidity,validation,1,483,9660,20.0,3.2517766430632395,0.00449701375862957,-0.002833292658831943,0.4554865424430642,0.45476190476190476,1.352375103919416,1.27198692941082,-0.852403882593952,0.004497013758629572,0.481139634598743,-0.23747716216166376
combo_low_size_low_liquidity,validation,3,481,9620,20.0,0.9508694163130931,0.002535271398056987,-0.0029145411067346694,0.45322245322245325,0.4524948024948025,1.1978351256739712,1.1527025256982184,-0.8524038825939522,0.002535271398056988,0.34497561977798263,-0.23747716216166376
combo_low_size_low_liquidity,validation,5,479,9580,20.0,0.11072545267320466,0.0011870532672904651,-0.002925546835472781,0.4509394572025052,0.4502087682672234,1.0922443109396887,1.0712003958538467,-0.8524038825939522,0.0011870532672904653,0.2845467192358237,-0.23747716216166376
combo_low_size_low_liquidity,validation,10,474,9480,20.0,-0.5797612346065858,-0.0010759056185494329,-0.0029739630464498124,0.4451476793248945,0.44440928270042196,0.9172655494465064,0.9361399573572539,-0.8524038825939522,-0.001075905618549433,0.13407856891948217,-0.23747716216166376
combo_low_size_low_liquidity,validation,20,464,9280,20.0,-0.8422564980318143,-0.003321459101828435,-0.0036079527207903473,0.4331896551724138,0.43254310344827585,0.7499765407382821,0.8070149899670059,-0.8904409959254727,-0.003321459101828436,0.07674096051363714,-0.23747716216166376
low_log_amount,validation,0,484,9680,20.0,21.32456903675376,0.008214628539122583,-0.0025254998481515772,0.45867768595041325,0.4609504132231405,1.690866384788532,1.5151066302988052,-0.7574738331647854,0.008214628539122583,0.5790057781756983,-0.1922285893773429
low_log_amount,validation,1,483,9660,20.0,13.138370704726894,0.007032866324554102,-0.002613511612320668,0.4575569358178054,0.4598343685300207,1.59025580114004,1.4400918664361309,-0.7574738331647856,0.007032866324554104,0.5509797135602565,-0.1922285893773429
low_log_amount,validation,3,481,9620,20.0,5.576950902852228,0.00511409029764254,-0.0026556145036559066,0.4553014553014553,0.4575883575883576,1.4274390922908757,1.3186965169181404,-0.7574738331647854,0.005114090297642539,0.3380892193103393,-0.1922285893773429
low_log_amount,validation,5,479,9580,20.0,2.7598165037972118,0.003788090577946539,-0.0028982372936106116,0.453027139874739,0.45532359081419627,1.3152946771486442,1.2350821841576498,-0.7574738331647854,0.003788090577946541,0.28672487482741416,-0.1922285893773429
low_log_amount,validation,10,474,9480,20.0,0.26175718834113293,0.0012513410648266057,-0.0034207981505441133,0.4472573839662447,0.44978902953586497,1.1030658547122358,1.0768535811882154,-0.7574738331647854,0.001251341064826605,0.17822749742909338,-0.1922285893773429
low_log_amount,validation,20,464,9280,20.0,-0.6082489946007478,-0.001401568379037269,-0.0038277428681536083,0.4353448275862069,0.4390086206896552,0.886996201540021,0.9156104628435409,-0.8099986991709225,-0.0014015683790372692,0.08779280181378937,-0.1922285893773429
low_log_total_mv,validation,0,484,9680,20.0,2237.9466597977525,0.02050614879321123,-0.0033459428339845053,0.4628099173553719,0.4643595041322314,2.144813938770204,1.8970422051415448,-0.8171529202660273,0.02050614879321123,0.8360219767519196,-0.1873332405624371
low_log_total_mv,validation,1,483,9660,20.0,1218.4552615097982,0.01881771022600894,-0.003631087688295531,0.4616977225672878,0.4632505175983437,2.0483815030072186,1.8214806122097504,-0.8171529202660275,0.01881771022600894,0.6616957575609111,-0.1873332405624371
low_log_total_mv,validation,3,481,9620,20.0,442.4495589287495,0.016158761879431275,-0.0038817424187893136,0.4594594594594595,0.461018711018711,1.89651714637188,1.7024842122315078,-0.8171529202660273,0.016158761879431275,0.5597810385269039,-0.1873332405624371
low_log_total_mv,validation,5,479,9580,20.0,196.41510173771132,0.014138743901815538,-0.004276892255283715,0.4572025052192067,0.45876826722338204,1.781181202081789,1.6121103913910602,-0.8171529202660275,0.014138743901815534,0.41087930491154473,-0.1873332405624371
low_log_total_mv,validation,10,474,9480,20.0,39.079591809129624,0.010321871761238133,-0.004776142341952259,0.45147679324894513,0.4530590717299578,1.5643418316500561,1.442201500150149,-0.8171529202660274,0.010321871761238133,0.3179522366390234,-0.1873332405624371
low_log_total_mv,validation,20,464,9280,20.0,2.80114740947466,0.00481469352716196,-0.00540287684116012,0.4396551724137931,0.4415948275862069,1.2576867398884484,1.2026556708988279,-0.8171529202660277,0.004814693527161961,0.2184704245761247,-0.1873332405624371
low_stock_amount_share_in_industry,validation,0,484,9680,20.0,20.140850756182516,0.008420079732945288,-0.002665877035372119,0.44834710743801653,0.4559917355371901,1.6426449950212623,1.4900573009915123,-0.7734437662190453,0.008420079732945287,0.709650002325744,-0.1896592183056902
low_stock_amount_share_in_industry,validation,1,483,9660,20.0,11.36560157191433,0.00696825794703887,-0.0027891274232714315,0.4472049689440994,0.4548654244306418,1.5307388919629397,1.4047218463406512,-0.7734437662190453,0.006968257947038871,0.5548869843980596,-0.1896592183056902
low_stock_amount_share_in_industry,validation,3,481,9620,20.0,4.381514996157319,0.004850300459935286,-0.002812262222714651,0.44490644490644493,0.4525987525987526,1.3678944894969522,1.2805427288304978,-0.7734437662190453,0.004850300459935286,0.38334819420279687,-0.1896592183056902
low_stock_amount_share_in_industry,validation,5,479,9580,20.0,1.8484859258020965,0.0033067532730854535,-0.003405806844413889,0.44258872651356995,0.4503131524008351,1.2497737932478972,1.190468255297665,-0.7734437662190454,0.0033067532730854544,0.3370225187763981,-0.1896592183056902
low_stock_amount_share_in_industry,validation,10,474,9480,20.0,-0.08412922506663811,0.0006344010007374957,-0.003604941146597132,0.43670886075949367,0.44462025316455694,1.0474189316369236,1.0361665998392564,-0.7734437662190453,0.0006344010007374952,0.153230751385585,-0.1896592183056902
low_stock_amount_share_in_industry,validation,20,464,9280,20.0,-0.7314134231058496,-0.0021678647637310964,-0.0040354360460282904,0.4245689655172414,0.43372844827586204,0.8413793479202554,0.8788882626840523,-0.8081040743178474,-0.0021678647637310955,0.0953670877102711,-0.1896592183056902
low_stock_ret_60d,validation,0,484,9680,20.0,2.9368120223973047,0.005011874565637244,-0.004536459864893536,0.45454545454545453,0.4455578512396694,1.2665145905031876,1.171150945935893,-0.9342200627491135,0.005011874565637245,0.5038933438839511,-0.23264626820832907
low_stock_ret_60d,validation,1,483,9660,20.0,1.6177468225440141,0.003978993676779453,-0.004620874544644921,0.453416149068323,0.44440993788819877,1.2111522991511758,1.1355982637499547,-0.9342200627491135,0.003978993676779453,0.4213493110430563,-0.23264626820832907
low_stock_ret_60d,validation,3,481,9620,20.0,0.3140228051090854,0.0022846261851884532,-0.004814119528011035,0.45114345114345117,0.4420997920997921,1.120735688050741,1.0775343187744089,-0.9342200627491135,0.0022846261851884537,0.35567040611940487,-0.23264626820832907
low_stock_ret_60d,validation,5,479,9580,20.0,-0.26237787999257045,0.0008959829219649897,-0.005164938515544953,0.4488517745302714,0.43977035490605426,1.0471531467035633,1.0302809150033094,-0.9342200627491135,0.0008959829219649894,0.30011874012617556,-0.23264626820832907
low_stock_ret_60d,validation,10,474,9480,20.0,-0.7545422542414255,-0.0016963113060905525,-0.00534216611974234,0.4430379746835443,0.43386075949367087,0.9116596057151699,0.9432693646616036,-0.958526381671138,-0.0016963113060905527,0.1764382912819896,-0.23264626820832907
low_stock_ret_60d,validation,20,464,9280,20.0,-0.9285428982466621,-0.004567827636062722,-0.006177690244816996,0.43103448275862066,0.4225215517241379,0.7671355871607685,0.8503648612744783,-0.978011422678476,-0.004567827636062722,0.10715097444000143,-0.23264626820832907
