total_trades,unique_stocks,top_stock,top_stock_count,top_stock_share,stock_hhi,unique_industries,top_industry,top_industry_count,top_industry_share,industry_hhi,top1_profit_day_return,top3_profit_day_return_sum,top5_profit_day_return_sum,top3_profit_day_positive_contribution_share,group_id,strategy_id,strategy_name,regime_id,regime_side,regime_field,regime_value,regime_description,gate_day_count,no_trade_days,active_trade_days,zero_holding_gate_days,avg_daily_holdings,avg_daily_holdings_all_legacy_days
230,190,301043.SZ,5,0.021739130434782608,0.006502835538752363,56,软件服务,16,0.06956521739130435,0.03568998109640832,0.030104859907573923,0.0743512554791014,0.10559901767903164,0.45202717810535875,S0_v7_original_top10__R1_tail_down,S0_v7_original_top10,S0: v7 original Top10,R1_tail_down,positive_diagnostic,tail_direction,tail_down,market_tail_ret_median < 0,23,35,23,0,10.0,3.9655172413793105
290,242,688500.SH,3,0.010344827586206896,0.004875148632580259,63,软件服务,23,0.07931034482758621,0.03674197384066588,0.023710527469023156,0.06370713611153037,0.09661681791010221,0.4154424490457329,S0_v7_original_top10__R2_market_down,S0_v7_original_top10,S0: v7 original Top10,R2_market_down,positive_diagnostic,market_direction,market_down,market_ret_median_1450 < 0,29,29,29,0,10.0,5.0
290,218,001270.SZ,7,0.02413793103448276,0.006206896551724137,59,软件服务,22,0.07586206896551724,0.03438763376932224,0.030104859907573923,0.055827648041466726,0.07585024787759222,0.4333813789051585,S0_v7_original_top10__R3_low_tail_vol,S0_v7_original_top10,S0: v7 original Top10,R3_low_tail_vol,positive_diagnostic,tail_vol_regime,low_tail_vol,market_tail_vol_proxy below validation median,29,29,29,0,10.0,5.0
110,104,301043.SZ,4,0.03636363636363636,0.010578512396694214,44,电气设备,8,0.07272727272727272,0.03570247933884298,0.030104859907573923,0.07327612791659996,0.09329872775272545,0.6754535366021689,S0_v7_original_top10__R4_tail_breadth_Q2,S0_v7_original_top10,S0: v7 original Top10,R4_tail_breadth_Q2,positive_diagnostic,market_tail_breadth_positive_qbucket,Q2,market_tail_breadth_positive second quintile,11,47,11,0,10.0,1.896551724137931
110,100,301043.SZ,3,0.02727272727272727,0.011074380165289256,39,软件服务,9,0.08181818181818182,0.041157024793388446,0.030104859907573923,0.07327612791659996,0.09329872775272545,0.7237654196204757,S0_v7_original_top10__R5_tail_ret_median_Q2,S0_v7_original_top10,S0: v7 original Top10,R5_tail_ret_median_Q2,positive_diagnostic,market_tail_ret_median_qbucket,Q2,market_tail_ret_median second quintile,11,47,11,0,10.0,1.896551724137931
120,104,688478.SH,3,0.025,0.010694444444444444,42,软件服务,15,0.125,0.04527777777777777,0.030104859907573923,0.05410376893677725,0.07158297293345446,0.6695071918338263,S0_v7_original_top10__R6_market_dispersion_Q1_low,S0_v7_original_top10,S0: v7 original Top10,R6_market_dispersion_Q1_low,positive_diagnostic,market_dispersion_proxy_qbucket,Q1_low,market_dispersion_proxy lowest quintile,12,46,12,0,10.0,2.0689655172413794
350,276,001270.SZ,8,0.022857142857142857,0.004914285714285714,71,软件服务,34,0.09714285714285714,0.036048979591836734,0.022817280446094757,0.05791638066781396,0.08599415142005595,0.4508474907506762,S0_v7_original_top10__C1_tail_up,S0_v7_original_top10,S0: v7 original Top10,C1_tail_up,negative_control,tail_direction,tail_up,market_tail_ret_median >= 0,35,23,35,0,10.0,6.0344827586206895
290,231,001270.SZ,8,0.027586206896551724,0.005945303210463731,64,软件服务,27,0.09310344827586207,0.03617122473246136,0.030104859907573923,0.0690473252507815,0.09562707709739389,0.4946172310130196,S0_v7_original_top10__C2_market_up,S0_v7_original_top10,S0: v7 original Top10,C2_market_up,negative_control,market_direction,market_up,market_ret_median_1450 >= 0,29,29,29,0,10.0,5.0
120,105,001270.SZ,4,0.03333333333333333,0.01125,43,化工原料,9,0.075,0.039027777777777765,0.014142004278276544,0.024583055645172547,0.025051375720067926,0.9813056145048265,S0_v7_original_top10__C3_tail_breadth_Q5_high,S0_v7_original_top10,S0: v7 original Top10,C3_tail_breadth_Q5_high,negative_control,market_tail_breadth_positive_qbucket,Q5_high,market_tail_breadth_positive highest quintile,12,46,12,0,10.0,2.0689655172413794
120,104,001270.SZ,4,0.03333333333333333,0.01138888888888889,43,化工原料,12,0.1,0.04347222222222222,0.018973915324606395,0.04184248466446669,0.04402529104467432,0.950419262918838,S0_v7_original_top10__C4_tail_ret_median_Q5_high,S0_v7_original_top10,S0: v7 original Top10,C4_tail_ret_median_Q5_high,negative_control,market_tail_ret_median_qbucket,Q5_high,market_tail_ret_median highest quintile,12,46,12,0,10.0,2.0689655172413794
117,111,605188.SH,2,0.017094017094017096,0.009423624808240197,42,软件服务,10,0.08547008547008547,0.040397399371758354,0.032413570216882126,0.08619998324492394,0.13431433163416295,0.3838468800593939,S1_U2_filter_only_no_refill__R1_tail_down,S1_U2_filter_only_no_refill,"S1: U2 filter-only, no refill",R1_tail_down,positive_diagnostic,tail_direction,tail_down,market_tail_ret_median < 0,23,35,23,0,5.086956521739131,2.0172413793103448
157,147,301286.SZ,3,0.01910828025477707,0.007261957888758165,52,化工原料,15,0.09554140127388536,0.04198953304393688,0.028669755864734674,0.07786697283874437,0.1140782311904766,0.3980838361839876,S1_U2_filter_only_no_refill__R2_market_down,S1_U2_filter_only_no_refill,"S1: U2 filter-only, no refill",R2_market_down,positive_diagnostic,market_direction,market_down,market_ret_median_1450 < 0,29,29,29,0,5.413793103448276,2.706896551724138
165,139,001270.SZ,7,0.04242424242424243,0.009366391184573004,50,软件服务,19,0.11515151515151516,0.04154269972451791,0.032413570216882126,0.0815640159587257,0.11764422631873991,0.4521390899070927,S1_U2_filter_only_no_refill__R3_low_tail_vol,S1_U2_filter_only_no_refill,"S1: U2 filter-only, no refill",R3_low_tail_vol,positive_diagnostic,tail_vol_regime,low_tail_vol,market_tail_vol_proxy below validation median,29,29,29,0,5.689655172413793,2.8448275862068964
73,73,605188.SH,1,0.0136986301369863,0.013698630136986297,35,电气设备,6,0.0821917808219178,0.0425971101519985,0.032413570216882126,0.08511711466015325,0.11385546043139647,0.6248963581738554,S1_U2_filter_only_no_refill__R4_tail_breadth_Q2,S1_U2_filter_only_no_refill,"S1: U2 filter-only, no refill",R4_tail_breadth_Q2,positive_diagnostic,market_tail_breadth_positive_qbucket,Q2,market_tail_breadth_positive second quintile,11,47,11,0,6.636363636363637,1.2586206896551724
77,75,688125.SH,2,0.025974025974025976,0.013661663012312364,34,化工原料,7,0.09090909090909091,0.04671951425198178,0.032413570216882126,0.07698984761049711,0.09979707190430386,0.674555868291762,S1_U2_filter_only_no_refill__R5_tail_ret_median_Q2,S1_U2_filter_only_no_refill,"S1: U2 filter-only, no refill",R5_tail_ret_median_Q2,positive_diagnostic,market_tail_ret_median_qbucket,Q2,market_tail_ret_median second quintile,11,47,11,0,7.0,1.3275862068965518
57,52,301159.SZ,2,0.03508771929824561,0.020621729763004006,23,软件服务,10,0.17543859649122806,0.07294552169898429,0.046568041140218064,0.10409826852040732,0.14685181538769804,0.6296624418973941,S1_U2_filter_only_no_refill__R6_market_dispersion_Q1_low,S1_U2_filter_only_no_refill,"S1: U2 filter-only, no refill",R6_market_dispersion_Q1_low,positive_diagnostic,market_dispersion_proxy_qbucket,Q1_low,market_dispersion_proxy lowest quintile,12,46,12,0,4.75,0.9827586206896551
206,175,001270.SZ,8,0.038834951456310676,0.007635026863983409,58,软件服务,20,0.0970873786407767,0.041332830615515126,0.046568041140218064,0.10593466420973097,0.138053839002537,0.5089768805307355,S1_U2_filter_only_no_refill__C1_tail_up,S1_U2_filter_only_no_refill,"S1: U2 filter-only, no refill",C1_tail_up,negative_control,tail_direction,tail_up,market_tail_ret_median >= 0,35,23,35,0,5.885714285714286,3.5517241379310347
166,142,001270.SZ,8,0.04819277108433735,0.009725649586296993,52,软件服务,17,0.10240963855421686,0.04245899259689359,0.046568041140218064,0.11568083451879257,0.16238202300514953,0.487905552189643,S1_U2_filter_only_no_refill__C2_market_up,S1_U2_filter_only_no_refill,"S1: U2 filter-only, no refill",C2_market_up,negative_control,market_direction,market_up,market_ret_median_1450 >= 0,29,29,29,0,5.724137931034483,2.8620689655172415
67,59,001270.SZ,4,0.05970149253731343,0.0202717754511027,33,电气设备,6,0.08955223880597014,0.04655825350857652,0.046568041140218064,0.07516795788824651,0.08012520633531872,0.9381312239456027,S1_U2_filter_only_no_refill__C3_tail_breadth_Q5_high,S1_U2_filter_only_no_refill,"S1: U2 filter-only, no refill",C3_tail_breadth_Q5_high,negative_control,market_tail_breadth_positive_qbucket,Q5_high,market_tail_breadth_positive highest quintile,12,46,12,0,5.583333333333333,1.1551724137931034
74,65,001270.SZ,4,0.05405405405405406,0.01826150474799124,34,化工原料,8,0.10810810810810811,0.05040175310445581,0.046568041140218064,0.08536055244030061,0.09528248095161887,0.8868599549135862,S1_U2_filter_only_no_refill__C4_tail_ret_median_Q5_high,S1_U2_filter_only_no_refill,"S1: U2 filter-only, no refill",C4_tail_ret_median_Q5_high,negative_control,market_tail_ret_median_qbucket,Q5_high,market_tail_ret_median highest quintile,12,46,12,0,6.166666666666667,1.2758620689655173
57,57,605188.SH,1,0.017543859649122806,0.01754385964912281,28,半导体,6,0.10526315789473684,0.05386272699292089,0.09385402214144478,0.16528936955192997,0.2173991499931021,0.5865852851805297,S2_U3_filter_only_no_refill__R1_tail_down,S2_U3_filter_only_no_refill,"S2: U3 filter-only, no refill",R1_tail_down,positive_diagnostic,tail_direction,tail_down,market_tail_ret_median < 0,23,35,18,5,2.4782608695652173,0.9827586206896551
93,92,002970.SZ,2,0.021505376344086023,0.0109839287778934,38,电气设备,9,0.0967741935483871,0.04728870389640422,0.04027950261203017,0.10862851339379898,0.15608005465608066,0.45697514291901375,S2_U3_filter_only_no_refill__R2_market_down,S2_U3_filter_only_no_refill,"S2: U3 filter-only, no refill",R2_market_down,positive_diagnostic,market_direction,market_down,market_ret_median_1450 < 0,29,29,23,6,3.206896551724138,1.603448275862069
89,77,001270.SZ,7,0.07865168539325842,0.01830576947355131,38,半导体,9,0.10112359550561797,0.04936245423557631,0.09385402214144478,0.14757335265943128,0.19159263564321635,0.6040271568413057,S2_U3_filter_only_no_refill__R3_low_tail_vol,S2_U3_filter_only_no_refill,"S2: U3 filter-only, no refill",R3_low_tail_vol,positive_diagnostic,tail_vol_regime,low_tail_vol,market_tail_vol_proxy below validation median,29,29,27,2,3.0689655172413794,1.5344827586206897
43,43,605188.SH,1,0.023255813953488372,0.023255813953488372,26,半导体,5,0.11627906976744186,0.05570578691184424,0.09385402214144478,0.16528936955192997,0.2173991499931021,0.7082353938198902,S2_U3_filter_only_no_refill__R4_tail_breadth_Q2,S2_U3_filter_only_no_refill,"S2: U3 filter-only, no refill",R4_tail_breadth_Q2,positive_diagnostic,market_tail_breadth_positive_qbucket,Q2,market_tail_breadth_positive second quintile,11,47,11,0,3.909090909090909,0.7413793103448276
47,47,605188.SH,1,0.02127659574468085,0.02127659574468084,27,化工原料,5,0.10638297872340426,0.05205975554549569,0.04027950261203017,0.09238928305320229,0.11321724879048316,0.773861701104432,S2_U3_filter_only_no_refill__R5_tail_ret_median_Q2,S2_U3_filter_only_no_refill,"S2: U3 filter-only, no refill",R5_tail_ret_median_Q2,positive_diagnostic,market_tail_ret_median_qbucket,Q2,market_tail_ret_median second quintile,11,47,11,0,4.2727272727272725,0.8103448275862069
28,26,688039.SH,2,0.07142857142857142,0.04081632653061225,15,电气设备,6,0.21428571428571427,0.10459183673469388,0.046568041140218064,0.10078898175660889,0.1318903593063847,0.711953085488215,S2_U3_filter_only_no_refill__R6_market_dispersion_Q1_low,S2_U3_filter_only_no_refill,"S2: U3 filter-only, no refill",R6_market_dispersion_Q1_low,positive_diagnostic,market_dispersion_proxy_qbucket,Q1_low,market_dispersion_proxy lowest quintile,12,46,11,1,2.3333333333333335,0.4827586206896552
134,118,001270.SZ,8,0.05970149253731343,0.011918021831142798,48,电气设备,15,0.11194029850746269,0.04711517041657384,0.046568041140218064,0.12891667286195463,0.18338202316087604,0.411228273979806,S2_U3_filter_only_no_refill__C1_tail_up,S2_U3_filter_only_no_refill,"S2: U3 filter-only, no refill",C1_tail_up,negative_control,tail_direction,tail_up,market_tail_ret_median >= 0,35,23,33,2,3.8285714285714287,2.310344827586207
98,85,001270.SZ,8,0.08163265306122448,0.017700957934194083,40,电气设备,11,0.11224489795918367,0.0514369012911287,0.09385402214144478,0.18557752902008562,0.24300468910902684,0.519007970276019,S2_U3_filter_only_no_refill__C2_market_up,S2_U3_filter_only_no_refill,"S2: U3 filter-only, no refill",C2_market_up,negative_control,market_direction,market_up,market_ret_median_1450 >= 0,29,29,28,1,3.3793103448275863,1.6896551724137931
46,41,001270.SZ,4,0.08695652173913043,0.02930056710775047,27,半导体,5,0.10869565217391304,0.05765595463137995,0.046568041140218064,0.08065872189121365,0.08922469408268882,0.8933601061203174,S2_U3_filter_only_no_refill__C3_tail_breadth_Q5_high,S2_U3_filter_only_no_refill,"S2: U3 filter-only, no refill",C3_tail_breadth_Q5_high,negative_control,market_tail_breadth_positive_qbucket,Q5_high,market_tail_breadth_positive highest quintile,12,46,12,0,3.8333333333333335,0.7931034482758621
52,46,001270.SZ,4,0.07692307692307693,0.025887573964497035,28,化工原料,7,0.1346153846153846,0.059171597633136105,0.046568041140218064,0.09528918645735421,0.11006665289620282,0.840452082670438,S2_U3_filter_only_no_refill__C4_tail_ret_median_Q5_high,S2_U3_filter_only_no_refill,"S2: U3 filter-only, no refill",C4_tail_ret_median_Q5_high,negative_control,market_tail_ret_median_qbucket,Q5_high,market_tail_ret_median highest quintile,12,46,12,0,4.333333333333333,0.896551724137931
