file,sha256
/Users/yuxiang.luo/Documents/Codex/2026-05-21/new-chat/reports/tushare/v9_swing_research/batch2_clean_panel_label_audit/batch2_conclusion.md,00c7d48ad0cb19f373c6d143c3a0abcf425adc1d621a1e2e7a97b53df09bbf1f
/Users/yuxiang.luo/Documents/Codex/2026-05-21/new-chat/reports/tushare/v9_swing_research/batch2_clean_panel_label_audit/batch2_data_manifest.csv,373f618f1f5315d109d4bbb37652c5b106a7ff75055cbd001ed0c7b2ece1c40a
/Users/yuxiang.luo/Documents/Codex/2026-05-21/new-chat/reports/tushare/v9_swing_research/batch2_clean_panel_label_audit/batch2_extreme_label_attribution.csv,0b3e741762a33056f9929c5b6786fe62f4d80477c5ca4de3aaa2513d65f2f7f7
/Users/yuxiang.luo/Documents/Codex/2026-05-21/new-chat/reports/tushare/v9_swing_research/batch2_clean_panel_label_audit/batch2_extreme_label_summary.csv,87ce98a29f0cbb5ff5a43f2d38cde3e2be2f463f013803ab5e3dac4797529c10
/Users/yuxiang.luo/Documents/Codex/2026-05-21/new-chat/reports/tushare/v9_swing_research/batch2_clean_panel_label_audit/batch2_label_distribution.csv,6a667713ccb50b89bbea7e65f6f2c1811e2d55115c7008d5cb2f748f644c35d5
/Users/yuxiang.luo/Documents/Codex/2026-05-21/new-chat/reports/tushare/v9_swing_research/batch2_clean_panel_label_audit/batch2_label_distribution_by_year.csv,8e9858100bcb36ab047f9587ea4286f104db4fa68d78623b524734aeac9842a7
/Users/yuxiang.luo/Documents/Codex/2026-05-21/new-chat/reports/tushare/v9_swing_research/batch2_clean_panel_label_audit/batch2_market_regime_initial.csv,f4b0d87fcb428437c68b0b878d1721d4221e1fc5ad450709ab6ce28b0a100228
/Users/yuxiang.luo/Documents/Codex/2026-05-21/new-chat/reports/tushare/v9_swing_research/batch2_clean_panel_label_audit/batch2_missing_label_audit.csv,75cfd3937534bde755a379f5cfe41f6ed7b1d5789627f2d5b3278d29248cad4f
/Users/yuxiang.luo/Documents/Codex/2026-05-21/new-chat/reports/tushare/v9_swing_research/batch2_clean_panel_label_audit/batch2_panel_build_progress.csv,e3d5d300dd48853aeefa0835cecdec2da9a5508063a8ab1057e668bd26ab5d2d
/Users/yuxiang.luo/Documents/Codex/2026-05-21/new-chat/reports/tushare/v9_swing_research/batch2_clean_panel_label_audit/batch2_panel_coverage.csv,99e53c3b77285679ad168e7e1512b10e76b1faef52297d9d0c54a0654c5bb23f
/Users/yuxiang.luo/Documents/Codex/2026-05-21/new-chat/reports/tushare/v9_swing_research/batch2_clean_panel_label_audit/batch2_panel_quality_audit.csv,b40fee3506396e006abb8dabb245626f19ce1204cd4291328a2c56b77d4130b5
