scenario_id,avg_fill_ratio,partial_fill_count,zero_fill_count,filled_count,partial_fill_capacity_count,zero_fill_capacity_count,no_buy_limit_or_missing_count,no_exit_limit_or_missing_count
no_cost,1.0,0,0,580,0,0,0,0
basic_cost_no_slippage,1.0,0,0,580,0,0,0,0
5bp_one_way_slippage,1.0,0,0,580,0,0,0,0
10bp_one_way_slippage,1.0,0,0,580,0,0,0,0
15bp_one_way_slippage,1.0,0,0,580,0,0,0,0
20bp_one_way_slippage,1.0,0,0,580,0,0,0,0
10bp_slippage_plus_impact_capital_100k,1.0,0,0,580,0,0,0,0
10bp_slippage_plus_impact_participation_10pct_no_partial_capital_100k,0.996551724137931,0,2,578,0,2,0,0
10bp_slippage_plus_impact_participation_10pct_partial_zero_capital_100k,0.9979979310344828,1,1,578,1,1,0,0
capacity_100000_part_100bp_slip_5bp,0.9230832982520665,114,1,465,114,1,0,0
capacity_100000_part_100bp_slip_10bp,0.9230832982520665,114,1,465,114,1,0,0
capacity_100000_part_100bp_slip_15bp,0.9230832982520665,114,1,465,114,1,0,0
capacity_100000_part_100bp_slip_20bp,0.9230832982520665,114,1,465,114,1,0,0
capacity_100000_part_300bp_slip_5bp,0.9912193447006765,14,1,565,14,1,0,0
capacity_100000_part_300bp_slip_10bp,0.9912193447006765,14,1,565,14,1,0,0
capacity_100000_part_300bp_slip_15bp,0.9912193447006765,14,1,565,14,1,0,0
capacity_100000_part_300bp_slip_20bp,0.9912193447006765,14,1,565,14,1,0,0
capacity_100000_part_500bp_slip_5bp,0.9963192672413793,4,1,575,4,1,0,0
capacity_100000_part_500bp_slip_10bp,0.9963192672413793,4,1,575,4,1,0,0
capacity_100000_part_500bp_slip_15bp,0.9963192672413793,4,1,575,4,1,0,0
capacity_100000_part_500bp_slip_20bp,0.9963192672413793,4,1,575,4,1,0,0
capacity_100000_part_1000bp_slip_5bp,0.9979979310344828,1,1,578,1,1,0,0
capacity_100000_part_1000bp_slip_10bp,0.9979979310344828,1,1,578,1,1,0,0
capacity_100000_part_1000bp_slip_15bp,0.9979979310344828,1,1,578,1,1,0,0
capacity_100000_part_1000bp_slip_20bp,0.9979979310344828,1,1,578,1,1,0,0
capacity_300000_part_100bp_slip_5bp,0.6604418258269924,366,1,213,366,1,0,0
capacity_300000_part_100bp_slip_10bp,0.6604418258269924,366,1,213,366,1,0,0
capacity_300000_part_100bp_slip_15bp,0.6604418258269924,366,1,213,366,1,0,0
capacity_300000_part_100bp_slip_20bp,0.6604418258269924,366,1,213,366,1,0,0
capacity_300000_part_300bp_slip_5bp,0.9230832982520665,114,1,465,114,1,0,0
capacity_300000_part_300bp_slip_10bp,0.9230832982520665,114,1,465,114,1,0,0
capacity_300000_part_300bp_slip_15bp,0.9230832982520665,114,1,465,114,1,0,0
capacity_300000_part_300bp_slip_20bp,0.9230832982520665,114,1,465,114,1,0,0
capacity_300000_part_500bp_slip_5bp,0.9692272934766203,52,1,527,52,1,0,0
capacity_300000_part_500bp_slip_10bp,0.9692272934766203,52,1,527,52,1,0,0
capacity_300000_part_500bp_slip_15bp,0.9692272934766203,52,1,527,52,1,0,0
capacity_300000_part_500bp_slip_20bp,0.9692272934766203,52,1,527,52,1,0,0
capacity_300000_part_1000bp_slip_5bp,0.9928247825860953,11,1,568,11,1,0,0
capacity_300000_part_1000bp_slip_10bp,0.9928247825860953,11,1,568,11,1,0,0
capacity_300000_part_1000bp_slip_15bp,0.9928247825860953,11,1,568,11,1,0,0
capacity_300000_part_1000bp_slip_20bp,0.9928247825860953,11,1,568,11,1,0,0
capacity_500000_part_100bp_slip_5bp,0.517804037267043,425,1,154,425,1,0,0
capacity_500000_part_100bp_slip_10bp,0.517804037267043,425,1,154,425,1,0,0
capacity_500000_part_100bp_slip_15bp,0.517804037267043,425,1,154,425,1,0,0
capacity_500000_part_100bp_slip_20bp,0.517804037267043,425,1,154,425,1,0,0
capacity_500000_part_300bp_slip_5bp,0.8283795485436911,244,1,335,244,1,0,0
capacity_500000_part_300bp_slip_10bp,0.8283795485436911,244,1,335,244,1,0,0
capacity_500000_part_300bp_slip_15bp,0.8283795485436911,244,1,335,244,1,0,0
capacity_500000_part_300bp_slip_20bp,0.8283795485436911,244,1,335,244,1,0,0
capacity_500000_part_500bp_slip_5bp,0.9230832982520665,114,1,465,114,1,0,0
capacity_500000_part_500bp_slip_10bp,0.9230832982520665,114,1,465,114,1,0,0
capacity_500000_part_500bp_slip_15bp,0.9230832982520665,114,1,465,114,1,0,0
capacity_500000_part_500bp_slip_20bp,0.9230832982520665,114,1,465,114,1,0,0
capacity_500000_part_1000bp_slip_5bp,0.9791960792244085,36,1,543,36,1,0,0
capacity_500000_part_1000bp_slip_10bp,0.9791960792244085,36,1,543,36,1,0,0
capacity_500000_part_1000bp_slip_15bp,0.9791960792244085,36,1,543,36,1,0,0
capacity_500000_part_1000bp_slip_20bp,0.9791960792244085,36,1,543,36,1,0,0
capacity_1000000_part_100bp_slip_5bp,0.3611912367787948,482,1,97,482,1,0,0
capacity_1000000_part_100bp_slip_10bp,0.3611912367787948,482,1,97,482,1,0,0
capacity_1000000_part_100bp_slip_15bp,0.3611912367787948,482,1,97,482,1,0,0
capacity_1000000_part_100bp_slip_20bp,0.3611912367787948,482,1,97,482,1,0,0
capacity_1000000_part_300bp_slip_5bp,0.6292453638518128,385,1,194,385,1,0,0
capacity_1000000_part_300bp_slip_10bp,0.6292453638518128,385,1,194,385,1,0,0
capacity_1000000_part_300bp_slip_15bp,0.6292453638518128,385,1,194,385,1,0,0
capacity_1000000_part_300bp_slip_20bp,0.6292453638518128,385,1,194,385,1,0,0
capacity_1000000_part_500bp_slip_5bp,0.7792773490719225,294,1,285,294,1,0,0
capacity_1000000_part_500bp_slip_10bp,0.7792773490719225,294,1,285,294,1,0,0
capacity_1000000_part_500bp_slip_15bp,0.7792773490719225,294,1,285,294,1,0,0
capacity_1000000_part_500bp_slip_20bp,0.7792773490719225,294,1,285,294,1,0,0
capacity_1000000_part_1000bp_slip_5bp,0.9230832982520665,114,1,465,114,1,0,0
capacity_1000000_part_1000bp_slip_10bp,0.9230832982520665,114,1,465,114,1,0,0
capacity_1000000_part_1000bp_slip_15bp,0.9230832982520665,114,1,465,114,1,0,0
capacity_1000000_part_1000bp_slip_20bp,0.9230832982520665,114,1,465,114,1,0,0
capacity_5000000_part_100bp_slip_5bp,0.1288795986143042,563,1,16,563,1,0,0
capacity_5000000_part_100bp_slip_10bp,0.1288795986143042,563,1,16,563,1,0,0
capacity_5000000_part_100bp_slip_15bp,0.1288795986143042,563,1,16,563,1,0,0
capacity_5000000_part_100bp_slip_20bp,0.1288795986143042,563,1,16,563,1,0,0
capacity_5000000_part_300bp_slip_5bp,0.27258613978617613,512,1,67,512,1,0,0
capacity_5000000_part_300bp_slip_10bp,0.27258613978617613,512,1,67,512,1,0,0
capacity_5000000_part_300bp_slip_15bp,0.27258613978617613,512,1,67,512,1,0,0
capacity_5000000_part_300bp_slip_20bp,0.27258613978617613,512,1,67,512,1,0,0
capacity_5000000_part_500bp_slip_5bp,0.3611912367787948,482,1,97,482,1,0,0
capacity_5000000_part_500bp_slip_10bp,0.3611912367787948,482,1,97,482,1,0,0
capacity_5000000_part_500bp_slip_15bp,0.3611912367787948,482,1,97,482,1,0,0
capacity_5000000_part_500bp_slip_20bp,0.3611912367787948,482,1,97,482,1,0,0
capacity_5000000_part_1000bp_slip_5bp,0.517804037267043,425,1,154,425,1,0,0
capacity_5000000_part_1000bp_slip_10bp,0.517804037267043,425,1,154,425,1,0,0
capacity_5000000_part_1000bp_slip_15bp,0.517804037267043,425,1,154,425,1,0,0
capacity_5000000_part_1000bp_slip_20bp,0.517804037267043,425,1,154,425,1,0,0
