scenario_id,cost_case,capital,participation_cap,slippage_bp,include_commission_tax,include_impact,partial_fill,zero_fill,enforce_limit_suspend,cumulative_return,avg_daily_return,trade_win_rate,daily_win_rate,max_drawdown,profit_factor,auc,total_trades,trading_days,avg_daily_trades,avg_fill_ratio,partial_fill_count,zero_fill_count,max_profit_day,max_profit_day_return,max_loss_day,max_loss_day_return,cum_return_drop_top1_profit_day,cum_return_drop_top3_profit_days,cum_return_drop_top5_profit_days,unfilled_reason_filled,unfilled_reason_partial_fill_capacity,unfilled_reason_zero_fill_capacity,unfilled_reason_no_buy_limit_or_missing,unfilled_reason_no_exit_limit_or_missing,drawdown_start,drawdown_end,drawdown_days
capacity_100000_part_100bp_slip_5bp,slippage_plus_impact_plus_participation_partial_zero,100000,0.01,5,True,True,True,True,True,0.0074214070829241585,0.00020891052491962096,0.44559585492227977,0.4827586206896552,-0.06415264976421053,1.0244974398028717,0.5334428792730082,580,58,10.0,0.9230832982520665,114,1,20260407,0.02962660201916083,20260306,-0.033683354669167366,-0.021566259936068866,-0.06691643710965789,-0.10400110125554862,465,114,1,0,0,20260225,20260320,18
capacity_100000_part_100bp_slip_10bp,slippage_plus_impact_plus_participation_partial_zero,100000,0.01,10,True,True,True,True,True,-0.045112751896529524,-0.0007141507618059864,0.43350604490500866,0.41379310344827586,-0.07899589623455205,0.9211328155879448,0.5334428792730082,580,58,10.0,0.9230832982520665,114,1,20260407,0.028645311837033366,20260306,-0.03464114134899665,-0.07170407805761536,-0.112984764319629,-0.14657915002776045,465,114,1,0,0,20260225,20260320,18
capacity_100000_part_100bp_slip_15bp,slippage_plus_impact_plus_participation_partial_zero,100000,0.01,15,True,True,True,True,True,-0.09490408003169581,-0.0016362906763425086,0.4214162348877375,0.3793103448275862,-0.11340820495927395,0.8294115242983396,0.5334428792730082,580,58,10.0,0.9230832982520665,114,1,20260407,0.027665001119406302,20260306,-0.0355979720190561,-0.11926949056121505,-0.1567755618364537,-0.18713099187683446,465,114,1,0,0,20260224,20260519,57
capacity_100000_part_100bp_slip_20bp,slippage_plus_impact_plus_participation_partial_zero,100000,0.01,20,True,True,True,True,True,-0.14209597549417596,-0.0025575105975308575,0.41278065630397237,0.3793103448275862,-0.1581339665245659,0.7476586350074877,0.5334428792730082,580,58,10.0,0.9230832982520665,114,1,20260407,0.026685668400548073,20260306,-0.03655384810998564,-0.16439466244587364,-0.1984015943566364,-0.22575320404498034,465,114,1,0,0,20260224,20260519,57
capacity_100000_part_300bp_slip_5bp,slippage_plus_impact_plus_participation_partial_zero,100000,0.03,5,True,True,True,True,True,0.03728084827662914,0.0007187246321556359,0.44559585492227977,0.5,-0.06374958611709725,1.0826174958551482,0.5334428792730082,580,58,10.0,0.9912193447006765,14,1,20260407,0.031135713578382095,20260306,-0.03399441258802827,0.005959578954860989,-0.041181282570997735,-0.08025185415088054,565,14,1,0,0,20260305,20260320,12
capacity_100000_part_300bp_slip_10bp,slippage_plus_impact_plus_participation_partial_zero,100000,0.03,10,True,True,True,True,True,-0.02068418701849506,-0.0002729678900764128,0.43350604490500866,0.43103448275862066,-0.07823476023841602,0.9704858307193956,0.5334428792730082,580,58,10.0,0.9912193447006765,14,1,20260407,0.030104859907573923,20260306,-0.03496015667654036,-0.04930473479236486,-0.0920412783151473,-0.12729527804805463,565,14,1,0,0,20260225,20260320,18
capacity_100000_part_300bp_slip_15bp,slippage_plus_impact_plus_participation_partial_zero,100000,0.03,15,True,True,True,True,True,-0.07540967574885338,-0.0012636705406562578,0.4214162348877375,0.39655172413793105,-0.09628674330909337,0.8711811976006268,0.5334428792730082,580,58,10.0,0.9912193447006765,14,1,20260407,0.02907503516478922,20260306,-0.035924936813598596,-0.1015326456704021,-0.14020309476525594,-0.1719321877099812,565,14,1,0,0,20260225,20260519,56
capacity_100000_part_300bp_slip_20bp,slippage_plus_impact_plus_participation_partial_zero,100000,0.03,20,True,True,True,True,True,-0.12707671440426427,-0.002253384800925556,0.41278065630397237,0.3793103448275862,-0.14427743620315148,0.7829092052277514,0.5334428792730082,580,58,10.0,0.9912193447006765,14,1,20260407,0.02804623781028768,20260306,-0.0368887544417259,-0.1508910265991148,-0.18580991319333373,-0.21428572593720718,565,14,1,0,0,20260225,20260519,56
capacity_100000_part_500bp_slip_5bp,slippage_plus_impact_plus_participation_partial_zero,100000,0.05,5,True,True,True,True,True,0.0409443271561607,0.0007795532466502331,0.44559585492227977,0.5,-0.06335228402906024,1.0895604016732365,0.5334428792730082,580,58,10.0,0.9963192672413793,4,1,20260407,0.031135713578382095,20260306,-0.03399441258802827,0.009512437061983903,-0.037794917030327446,-0.07700347844587752,575,4,1,0,0,20260305,20260320,12
capacity_100000_part_500bp_slip_10bp,slippage_plus_impact_plus_participation_partial_zero,100000,0.05,10,True,True,True,True,True,-0.01751644347265835,-0.00021729886301442267,0.43350604490500866,0.43103448275862066,-0.0772477922992062,0.9765211192695343,0.5334428792730082,580,58,10.0,0.9963192672413793,4,1,20260407,0.030104859907573923,20260306,-0.03496015667654036,-0.0462295686911961,-0.08910434995927163,-0.12447238402986438,575,4,1,0,0,20260225,20260320,18
capacity_100000_part_500bp_slip_15bp,slippage_plus_impact_plus_participation_partial_zero,100000,0.05,15,True,True,True,True,True,-0.07269388210910321,-0.0012131559518674445,0.4214162348877375,0.39655172413793105,-0.09469564778343498,0.876431104999579,0.5334428792730082,580,58,10.0,0.9963192672413793,4,1,20260407,0.02907503516478922,20260306,-0.035924936813598596,-0.09889358287425187,-0.13767761844837523,-0.1694999090683882,575,4,1,0,0,20260225,20260519,56
capacity_100000_part_500bp_slip_20bp,slippage_plus_impact_plus_participation_partial_zero,100000,0.05,20,True,True,True,True,True,-0.12477242128460309,-0.0022080195089547745,0.41278065630397237,0.3793103448275862,-0.14299784510474478,0.7874770896191323,0.5334428792730082,580,58,10.0,0.9963192672413793,4,1,20260407,0.02804623781028768,20260306,-0.0368887544417259,-0.1486495971430145,-0.18366066062316688,-0.21221164219397537,575,4,1,0,0,20260225,20260519,56
capacity_100000_part_1000bp_slip_5bp,slippage_plus_impact_plus_participation_partial_zero,100000,0.1,5,True,True,True,True,True,0.044572143422286103,0.0008396850141437107,0.44559585492227977,0.5172413793103449,-0.06326784727958834,1.0964655924461502,0.5334428792730082,580,58,10.0,0.9979979310344828,1,1,20260407,0.031135713578382095,20260306,-0.03399441258802827,0.013030709408051733,-0.03444151650709104,-0.07378672447823886,578,1,1,0,0,20260305,20260320,12
capacity_100000_part_1000bp_slip_10bp,slippage_plus_impact_plus_participation_partial_zero,100000,0.1,10,True,True,True,True,True,-0.01418841451966324,-0.00015890512825346485,0.43350604490500866,0.43103448275862066,-0.07541286750846843,0.9828315617840631,0.5334428792730082,580,58,10.0,0.9979979310344828,1,1,20260407,0.030104859907573923,20260306,-0.03496015667654036,-0.042998801530954256,-0.08601881526878918,-0.12150665372757452,578,1,1,0,0,20260225,20260320,18
capacity_100000_part_1000bp_slip_15bp,slippage_plus_impact_plus_participation_partial_zero,100000,0.1,15,True,True,True,True,True,-0.06964348762161121,-0.0011564985157312376,0.4214162348877375,0.39655172413793105,-0.09295514101370816,0.8822124988529764,0.5334428792730082,580,58,10.0,0.9979979310344828,1,1,20260407,0.02907503516478922,20260306,-0.035924936813598596,-0.09592937289610981,-0.1348409894340974,-0.16676796020019602,578,1,1,0,0,20260225,20260519,56
capacity_100000_part_1000bp_slip_20bp,slippage_plus_impact_plus_participation_partial_zero,100000,0.1,20,True,True,True,True,True,-0.1219790469693629,-0.002153096639929542,0.41278065630397237,0.3793103448275862,-0.14140678836878418,0.792786563321109,0.5334428792730082,580,58,10.0,0.9979979310344828,1,1,20260407,0.02804623781028768,20260306,-0.0368887544417259,-0.1459324291669999,-0.18105523387635225,-0.20969733869388363,578,1,1,0,0,20260225,20260519,56
capacity_300000_part_100bp_slip_5bp,slippage_plus_impact_plus_participation_partial_zero,300000,0.01,5,True,True,True,True,True,-0.022957570165548113,-0.00035560987657154116,0.4438687392055268,0.46551724137931033,-0.05118798457136331,0.9477845194613652,0.5334428792730082,580,58,10.0,0.6604418258269924,366,1,20260304,0.02000245791269577,20260320,-0.023481440346038534,-0.04211757309502573,-0.07745220957657784,-0.10775941209644424,213,366,1,0,0,20260224,20260320,19
capacity_300000_part_100bp_slip_10bp,slippage_plus_impact_plus_participation_partial_zero,300000,0.01,10,True,True,True,True,True,-0.05967881230514671,-0.0010155292221148465,0.4317789291882556,0.4482758620689655,-0.07890685158429922,0.8589053202665424,0.5334428792730082,580,58,10.0,0.6604418258269924,366,1,20260304,0.01904133648875726,20260320,-0.024174487466897362,-0.07724922039487081,-0.10987563163679515,-0.13779704734248455,213,366,1,0,0,20260224,20260519,57
capacity_300000_part_100bp_slip_15bp,slippage_plus_impact_plus_participation_partial_zero,300000,0.01,15,True,True,True,True,True,-0.09501051191695031,-0.0016747898699448894,0.4214162348877375,0.39655172413793105,-0.11216981425069239,0.7793620025181859,0.5334428792730082,580,58,10.0,0.6604418258269924,366,1,20260304,0.018081174400260604,20260320,-0.024866842848320546,-0.11108317210936713,-0.14115084727994365,-0.16681531801845395,213,366,1,0,0,20260224,20260519,57
capacity_300000_part_100bp_slip_20bp,slippage_plus_impact_plus_participation_partial_zero,300000,0.01,20,True,True,True,True,True,-0.12900561583063352,-0.0023333928057870843,0.4110535405872193,0.39655172413793105,-0.14422290843484475,0.7078607793418499,0.5334428792730082,580,58,10.0,0.6604418258269924,366,1,20260304,0.017121970211593365,20260320,-0.025558507525442607,-0.14366771176108528,-0.1713188333995289,-0.19484910162914226,213,366,1,0,0,20260224,20260519,57
capacity_300000_part_300bp_slip_5bp,slippage_plus_impact_plus_participation_partial_zero,300000,0.03,5,True,True,True,True,True,0.0010161919768565397,9.891001767666575e-05,0.4421416234887737,0.4827586206896552,-0.06578631871923579,1.0115145436752722,0.5334428792730082,580,58,10.0,0.9230832982520665,114,1,20260407,0.029494924430241515,20260306,-0.0338047686887913,-0.027662819677470862,-0.0725471379934921,-0.10918414611570315,465,114,1,0,0,20260225,20260320,18
capacity_300000_part_300bp_slip_10bp,slippage_plus_impact_plus_participation_partial_zero,300000,0.03,10,True,True,True,True,True,-0.05118337200178513,-0.0008240401772384538,0.4317789291882556,0.41379310344827586,-0.08060352971908935,0.9096328808547578,0.5334428792730082,580,58,10.0,0.9230832982520665,114,1,20260407,0.028513781735262866,20260306,-0.0347624186626857,-0.07748768674989126,-0.11833695806536404,-0.15151542128910656,465,114,1,0,0,20260225,20260320,18
capacity_300000_part_300bp_slip_15bp,slippage_plus_impact_plus_participation_partial_zero,300000,0.03,15,True,True,True,True,True,-0.10065760727941098,-0.001746069166881121,0.4214162348877375,0.3793103448275862,-0.11889286099734098,0.8191861601879459,0.5334428792730082,580,58,10.0,0.9230832982520665,114,1,20260407,0.027533618276035177,20260306,-0.03571911283915783,-0.12475623500331046,-0.16186304454099054,-0.191832257566514,465,114,1,0,0,20260224,20260519,57
capacity_300000_part_300bp_slip_20bp,slippage_plus_impact_plus_participation_partial_zero,300000,0.03,20,True,True,True,True,True,-0.14754899515468556,-0.0026671783297586467,0.4110535405872193,0.3620689655172414,-0.16334145225383423,0.7385295650352925,0.5334428792730082,580,58,10.0,0.9230832982520665,114,1,20260407,0.026554432587290854,20260306,-0.0366748526484164,-0.1695998012527914,-0.20323747759204736,-0.23023067001427644,465,114,1,0,0,20260224,20260519,57
capacity_300000_part_500bp_slip_5bp,slippage_plus_impact_plus_participation_partial_zero,300000,0.05,5,True,True,True,True,True,0.018627740914809454,0.0004040073578713398,0.4421416234887737,0.4827586206896552,-0.06487860710894644,1.0462799175961182,0.5334428792730082,580,58,10.0,0.9692272934766203,52,1,20260407,0.03057305182468084,20260306,-0.034117687087526806,-0.011590940485705081,-0.05771350004729181,-0.09543822817566416,527,52,1,0,0,20260225,20260320,18
capacity_300000_part_500bp_slip_10bp,slippage_plus_impact_plus_participation_partial_zero,300000,0.05,10,True,True,True,True,True,-0.037070096829459276,-0.0005653824032978506,0.4317789291882556,0.41379310344827586,-0.08021894757519954,0.9390448070427269,0.5334428792730082,580,58,10.0,0.9692272934766203,52,1,20260407,0.029556225484567135,20260306,-0.035083292203650265,-0.06471363162576993,-0.10657180876635397,-0.14064456986842622,527,52,1,0,0,20260225,20260320,18
capacity_300000_part_500bp_slip_15bp,slippage_plus_impact_plus_participation_partial_zero,300000,0.05,15,True,True,True,True,True,-0.08972101426361878,-0.0015338046144538586,0.4214162348877375,0.39655172413793105,-0.10948885135141073,0.8439968568568038,0.5334428792730082,580,58,10.0,0.9692272934766203,52,1,20260407,0.028540413985557945,20260306,-0.036047933584263545,-0.11497985557117563,-0.15289547690295346,-0.18359044743808328,527,52,1,0,0,20260225,20260519,56
capacity_300000_part_500bp_slip_20bp,slippage_plus_impact_plus_participation_partial_zero,300000,0.05,20,True,True,True,True,True,-0.13949179118604083,-0.0025012607234445533,0.4075993091537133,0.3793103448275862,-0.1557853011308017,0.7593974267622873,0.5334428792730082,580,58,10.0,0.9692272934766203,52,1,20260407,0.027525615809121374,20260306,-0.03701161267145105,-0.16254330249824955,-0.19681608251727933,-0.22438897192172025,527,52,1,0,0,20260225,20260519,56
capacity_300000_part_1000bp_slip_5bp,slippage_plus_impact_plus_participation_partial_zero,300000,0.1,5,True,True,True,True,True,0.03028750047590667,0.0006019979727489334,0.4421416234887737,0.5,-0.06500816303937729,1.0686385816073174,0.5334428792730082,580,58,10.0,0.9928247825860953,11,1,20260407,0.030990568741486202,20260306,-0.034117687087526806,-0.0006819347207390747,-0.047313545937922474,-0.08588602011993052,568,11,1,0,0,20260305,20260320,12
capacity_300000_part_1000bp_slip_10bp,slippage_plus_impact_plus_participation_partial_zero,300000,0.1,10,True,True,True,True,True,-0.02737710277852734,-0.0003911837313811647,0.4317789291882556,0.43103448275862066,-0.07990912319917742,0.9580376590171048,0.5334428792730082,580,58,10.0,0.9928247825860953,11,1,20260407,0.029959879096123677,20260306,-0.035083292203650265,-0.05566914113680699,-0.09793209899251232,-0.132721878966375,568,11,1,0,0,20260225,20260320,18
capacity_300000_part_1000bp_slip_15bp,slippage_plus_impact_plus_participation_partial_zero,300000,0.1,15,True,True,True,True,True,-0.08181397718028083,-0.0013833741425984091,0.4214162348877375,0.39655172413793105,-0.10245048827680736,0.8600651274613593,0.5334428792730082,580,58,10.0,0.9928247825860953,11,1,20260407,0.028930218123741212,20260306,-0.036047933584263545,-0.10763042367048425,-0.14586090594492407,-0.17715778734870824,568,11,1,0,0,20260225,20260519,56
capacity_300000_part_1000bp_slip_20bp,slippage_plus_impact_plus_participation_partial_zero,300000,0.1,20,True,True,True,True,True,-0.13320383220448428,-0.002374574744273879,0.4075993091537133,0.3793103448275862,-0.15018517513182805,0.7729551296975372,0.5334428792730082,580,58,10.0,0.9928247825860953,11,1,20260407,0.027901584285116486,20260306,-0.03701161267145105,-0.1567323360063173,-0.1912429288900247,-0.21931675607253298,568,11,1,0,0,20260225,20260519,56
capacity_500000_part_100bp_slip_5bp,slippage_plus_impact_plus_participation_partial_zero,500000,0.01,5,True,True,True,True,True,-0.02755760761727266,-0.0004526918275355778,0.4438687392055268,0.4827586206896552,-0.046934134478665346,0.9200274048662834,0.5334428792730082,580,58,10.0,0.517804037267043,425,1,20260520,0.018023040153375698,20260227,-0.02134123340687003,-0.04477368976224849,-0.07439464379977057,-0.09856209746998335,154,425,1,0,0,20260225,20260519,56
capacity_500000_part_100bp_slip_10bp,slippage_plus_impact_plus_participation_partial_zero,500000,0.01,10,True,True,True,True,True,-0.05632557437392194,-0.0009699119366124896,0.4317789291882556,0.43103448275862066,-0.0735381311119605,0.8374194967118974,0.5334428792730082,580,58,10.0,0.517804037267043,425,1,20260520,0.01709321142541654,20260227,-0.022271573499168272,-0.07218491380592829,-0.09982308798737971,-0.12230844314361466,154,425,1,0,0,20260224,20260519,57
capacity_500000_part_100bp_slip_15bp,slippage_plus_impact_plus_participation_partial_zero,500000,0.01,15,True,True,True,True,True,-0.0842324459915893,-0.001486615785408573,0.4214162348877375,0.39655172413793105,-0.09982751769891274,0.7630900138851595,0.5334428792730082,580,58,10.0,0.517804037267043,425,1,20260520,0.016164310811102832,20260227,-0.023200984973903577,-0.09879972730252207,-0.12454380297076217,-0.1454206803859046,154,425,1,0,0,20260224,20260519,57
capacity_500000_part_100bp_slip_20bp,slippage_plus_impact_plus_participation_partial_zero,500000,0.01,20,True,True,True,True,True,-0.11130430433680127,-0.002002804146491497,0.4110535405872193,0.3793103448275862,-0.12536158891739102,0.6959325792188444,0.5334428792730082,580,58,10.0,0.517804037267043,425,1,20260520,0.015236336921525363,20260227,-0.024129469220729508,-0.12464156044890251,-0.14857674674423105,-0.16791597607055686,154,425,1,0,0,20260224,20260519,57
capacity_500000_part_300bp_slip_5bp,slippage_plus_impact_plus_participation_partial_zero,500000,0.03,5,True,True,True,True,True,-0.021025921208145615,-0.00029785335945511796,0.4421416234887737,0.46551724137931033,-0.06369329284565828,0.9632739161065056,0.5334428792730082,580,58,10.0,0.8283795485436911,244,1,20260407,0.024980364319894376,20260306,-0.031526928530974364,-0.04488504085496958,-0.08563430861501875,-0.12117755752708448,335,244,1,0,0,20260225,20260320,18
capacity_500000_part_300bp_slip_10bp,slippage_plus_impact_plus_participation_partial_zero,500000,0.03,10,True,True,True,True,True,-0.06696196949039201,-0.0011257247772294369,0.4317789291882556,0.41379310344827586,-0.08709634625608198,0.8690014257565224,0.5334428792730082,580,58,10.0,0.8283795485436911,244,1,20260407,0.0241371384447807,20260306,-0.032416238381459836,-0.08895205975394338,-0.12621858437898337,-0.15852360700641677,335,244,1,0,0,20260224,20260519,57
capacity_500000_part_300bp_slip_15bp,slippage_plus_impact_plus_participation_partial_zero,500000,0.03,15,True,True,True,True,True,-0.1107362910811428,-0.0019527699077682978,0.4214162348877375,0.39655172413793105,-0.128427968146129,0.7850421851309732,0.5334428792730082,580,58,10.0,0.8283795485436911,244,1,20260407,0.023294754132992986,20260306,-0.0333046606774003,-0.1309799006325374,-0.1649958580475842,-0.19427716882104584,335,244,1,0,0,20260224,20260519,57
capacity_500000_part_300bp_slip_20bp,slippage_plus_impact_plus_participation_partial_zero,500000,0.03,20,True,True,True,True,True,-0.15245092713401376,-0.002778989987513599,0.4110535405872193,0.3793103448275862,-0.16788260488154205,0.7099257853341313,0.5334428792730082,580,58,10.0,0.8283795485436911,244,1,20260407,0.022453210125303737,20260306,-0.03419219674683692,-0.17106321886150944,-0.20204685176408932,-0.2285063936874836,335,244,1,0,0,20260224,20260519,57
capacity_500000_part_500bp_slip_5bp,slippage_plus_impact_plus_participation_partial_zero,500000,0.05,5,True,True,True,True,True,-0.003370023595761773,2.3183731793797988e-05,0.4421416234887737,0.4827586206896552,-0.0669094242189715,1.0026854731826387,0.5334428792730082,580,58,10.0,0.9230832982520665,114,1,20260407,0.02940427773635554,20260306,-0.03388835073676412,-0.03183812428309252,-0.07640403772213111,-0.11273516526931693,465,114,1,0,0,20260225,20260320,18
capacity_500000_part_500bp_slip_10bp,slippage_plus_impact_plus_participation_partial_zero,500000,0.05,10,True,True,True,True,True,-0.05534046324071906,-0.0008996899902183173,0.4317789291882556,0.41379310344827586,-0.08170873668233647,0.9018092981289526,0.5334428792730082,580,58,10.0,0.9230832982520665,114,1,20260407,0.028423236564577552,20260306,-0.034845906607423885,-0.08144866512848081,-0.12200308882500788,-0.1548973721400656,465,114,1,0,0,20260225,20260320,18
capacity_500000_part_500bp_slip_15bp,slippage_plus_impact_plus_participation_partial_zero,500000,0.05,15,True,True,True,True,True,-0.10459755918877034,-0.0018216426218522876,0.41968911917098445,0.3793103448275862,-0.12264923712936548,0.812227625817728,0.5334428792730082,580,58,10.0,0.9230832982520665,114,1,20260407,0.027443174471101284,20260306,-0.03580250682682354,-0.1285139041658846,-0.16534785613565317,-0.19505320247601765,465,114,1,0,0,20260224,20260519,57
capacity_500000_part_500bp_slip_20bp,slippage_plus_impact_plus_participation_partial_zero,500000,0.05,20,True,True,True,True,True,-0.15128316489571436,-0.0027426755413858125,0.4058721934369603,0.3620689655172414,-0.1669079996543913,0.732321851534013,0.5334428792730082,580,58,10.0,0.9230832982520665,114,1,20260407,0.02646408999097897,20260306,-0.03675815282487503,-0.17316461103695802,-0.20654995095775142,-0.2332982861974191,465,114,1,0,0,20260224,20260519,57
capacity_500000_part_1000bp_slip_5bp,slippage_plus_impact_plus_participation_partial_zero,500000,0.1,5,True,True,True,True,True,0.018581032401966846,0.00040419795379531255,0.4421416234887737,0.5,-0.06606837812278321,1.0459482940193257,0.5334428792730082,580,58,10.0,0.9791960792244085,36,1,20260407,0.03089065262471784,20260306,-0.03420254975299265,-0.011940762282993012,-0.057912177860619085,-0.0957114279758462,543,36,1,0,0,20260225,20260320,18
capacity_500000_part_1000bp_slip_10bp,slippage_plus_impact_plus_participation_partial_zero,500000,0.1,10,True,True,True,True,True,-0.037669272001598864,-0.0005751591039287406,0.43005181347150256,0.41379310344827586,-0.08150160751515378,0.9384608725535799,0.5334428792730082,580,58,10.0,0.9791960792244085,36,1,20260407,0.02986007588437638,20260306,-0.03516805920598265,-0.06557138145974384,-0.10726342000107125,-0.14137558878106127,543,36,1,0,0,20260225,20260320,18
capacity_500000_part_1000bp_slip_15bp,slippage_plus_impact_plus_participation_partial_zero,500000,0.1,15,True,True,True,True,True,-0.09081226849531632,-0.0015535387082927501,0.41968911917098445,0.39655172413793105,-0.11054419292946627,0.8431840083687594,0.5334428792730082,580,58,10.0,0.9791960792244085,36,1,20260407,0.02883052764147249,20260306,-0.03613260507209941,-0.11629009144106772,-0.15402852841669057,-0.18473299815568622,543,36,1,0,0,20260225,20260519,56
capacity_500000_part_1000bp_slip_20bp,slippage_plus_impact_plus_participation_partial_zero,500000,0.1,20,True,True,True,True,True,-0.14101968200493986,-0.002530942321896663,0.4058721934369603,0.3793103448275862,-0.15724764749099474,0.7583973452170092,0.5334428792730082,580,58,10.0,0.9791960792244085,36,1,20260407,0.027802006357140918,20260306,-0.03709618879312543,-0.16425506791958777,-0.1983430896354088,-0.22590024435598866,543,36,1,0,0,20260225,20260519,56
capacity_1000000_part_100bp_slip_5bp,slippage_plus_impact_plus_participation_partial_zero,1000000,0.01,5,True,True,True,True,True,-0.02172500563960711,-0.00036154646020390723,0.4438687392055268,0.5344827586206896,-0.039022225816644496,0.9134708230572022,0.5334428792730082,580,58,10.0,0.3611912367787948,482,1,20260520,0.015511883570718912,20260227,-0.019591019046654105,-0.03666809794425496,-0.05991486250004652,-0.07811757179979562,97,482,1,0,0,20260225,20260519,56
capacity_1000000_part_100bp_slip_10bp,slippage_plus_impact_plus_participation_partial_zero,1000000,0.01,10,True,True,True,True,True,-0.04200307200383768,-0.0007222838693496123,0.4317789291882556,0.5172413793103449,-0.05750041797778327,0.8354469191841647,0.5334428792730082,580,58,10.0,0.3611912367787948,482,1,20260520,0.01476120310213815,20260227,-0.02037096623756974,-0.055938554738244606,-0.07769798076105883,-0.0947292101097792,97,482,1,0,0,20260225,20260519,56
capacity_1000000_part_100bp_slip_15bp,slippage_plus_impact_plus_participation_partial_zero,1000000,0.01,15,True,True,True,True,True,-0.06185152630553237,-0.001082661213256097,0.4214162348877375,0.43103448275862066,-0.075614672572766,0.7647743267945007,0.5334428792730082,580,58,10.0,0.3611912367787948,482,1,20260520,0.014011271914058005,20260227,-0.021150134946140032,-0.07481455119960445,-0.09513637133219943,-0.11103374675959221,97,482,1,0,0,20260225,20260519,56
capacity_1000000_part_100bp_slip_20bp,slippage_plus_impact_plus_participation_partial_zero,1000000,0.01,20,True,True,True,True,True,-0.08127966975418222,-0.0014426790307458567,0.4110535405872193,0.3793103448275862,-0.09367740399977331,0.700524838522194,0.5334428792730082,580,58,10.0,0.3611912367787948,482,1,20260520,0.013262088885213583,20260227,-0.021928526337313736,-0.09330434808175858,-0.11223688080415639,-0.12703700529032214,97,482,1,0,0,20260224,20260519,57
capacity_1000000_part_300bp_slip_5bp,slippage_plus_impact_plus_participation_partial_zero,1000000,0.03,5,True,True,True,True,True,-0.030676171665773633,-0.0004961036067669952,0.4421416234887737,0.46551724137931033,-0.05114879962146346,0.9251744769995368,0.5334428792730082,580,58,10.0,0.6292453638518128,385,1,20260304,0.01933145538189688,20260320,-0.022224340092524723,-0.049059240528326664,-0.08267704298006984,-0.11140017971887994,194,385,1,0,0,20260224,20260519,57
capacity_1000000_part_300bp_slip_10bp,slippage_plus_impact_plus_participation_partial_zero,1000000,0.03,10,True,True,True,True,True,-0.06541453715512968,-0.0011246917701760871,0.43005181347150256,0.43103448275862066,-0.08382925084166704,0.8393493730746369,0.5334428792730082,580,58,10.0,0.6292453638518128,385,1,20260304,0.018396488804178626,20260320,-0.022874193751569794,-0.08229704921481162,-0.11338135445941588,-0.13987520394661868,194,385,1,0,0,20260224,20260519,57
capacity_1000000_part_300bp_slip_15bp,slippage_plus_impact_plus_participation_partial_zero,1000000,0.03,15,True,True,True,True,True,-0.09889833175178353,-0.0017526525580066113,0.41968911917098445,0.39655172413793105,-0.11537491274828027,0.7624076225552736,0.5334428792730082,580,58,10.0,0.6292453638518128,385,1,20260304,0.0174624553735201,20260227,-0.023756971262550518,-0.11436371584107885,-0.14304908525806992,-0.16742944194968234,194,385,1,0,0,20260224,20260519,57
capacity_1000000_part_300bp_slip_20bp,slippage_plus_impact_plus_participation_partial_zero,1000000,0.03,20,True,True,True,True,True,-0.13117322095394057,-0.00237998690903795,0.4110535405872193,0.3793103448275862,-0.1458255176784622,0.6931350150906213,0.5334428792730082,580,58,10.0,0.6292453638518128,385,1,20260304,0.016529353693621747,20260227,-0.024732957240224285,-0.14530084557900524,-0.1717155372947199,-0.1940929448296922,194,385,1,0,0,20260224,20260519,57
capacity_1000000_part_500bp_slip_5bp,slippage_plus_impact_plus_participation_partial_zero,1000000,0.05,5,True,True,True,True,True,-0.02789088399443518,-0.0004267807796757725,0.4421416234887737,0.4827586206896552,-0.061336996704547175,0.9453147841235029,0.5334428792730082,580,58,10.0,0.7792773490719225,294,1,20260407,0.022533589503696657,20260306,-0.029561713526643718,-0.049313268547594546,-0.08745620710330926,-0.12191554336772847,285,294,1,0,0,20260225,20260320,18
capacity_1000000_part_500bp_slip_10bp,slippage_plus_impact_plus_participation_partial_zero,1000000,0.05,10,True,True,True,True,True,-0.07085833064878921,-0.0012054315665354508,0.4283246977547496,0.43103448275862066,-0.09065935418557336,0.8540847921227966,0.5334428792730082,580,58,10.0,0.7792773490719225,294,1,20260407,0.021771459169505236,20260306,-0.030394872314023807,-0.09065607478758919,-0.12559312884524076,-0.1569784430372092,285,294,1,0,0,20260224,20260519,57
capacity_1000000_part_500bp_slip_15bp,slippage_plus_impact_plus_participation_partial_zero,1000000,0.05,15,True,True,True,True,True,-0.11191917527957806,-0.0019833052357973637,0.41796200345423146,0.3793103448275862,-0.12937409942350575,0.7726716828305078,0.5334428792730082,580,58,10.0,0.7792773490719225,294,1,20260407,0.021010089408707477,20260306,-0.031227199654107345,-0.13019387963665252,-0.16212954175840366,-0.19063481774461366,285,294,1,0,0,20260224,20260519,57
capacity_1000000_part_500bp_slip_20bp,slippage_plus_impact_plus_participation_partial_zero,1000000,0.05,20,True,True,True,True,True,-0.15115836331875787,-0.002760402950262247,0.4058721934369603,0.3793103448275862,-0.16643379924664214,0.6996947547231323,0.5334428792730082,580,58,10.0,0.7792773490719225,294,1,20260407,0.020249479083341983,20260306,-0.03205869679088241,-0.1680058122216379,-0.1971329083046991,-0.22294135804593762,285,294,1,0,0,20260224,20260519,57
capacity_1000000_part_1000bp_slip_5bp,slippage_plus_impact_plus_participation_partial_zero,1000000,0.1,5,True,True,True,True,True,-0.011380136977440336,-0.00011595573027737553,0.44041450777202074,0.46551724137931033,-0.06896974726479355,0.9866903170864315,0.5334428792730082,580,58,10.0,0.9230832982520665,114,1,20260407,0.029237728784231247,20260306,-0.03404192118415837,-0.039464027236593924,-0.08344975701881363,-0.11922369858398474,465,114,1,0,0,20260225,20260320,18
capacity_1000000_part_1000bp_slip_10bp,slippage_plus_impact_plus_participation_partial_zero,1000000,0.1,10,True,True,True,True,True,-0.06293215441793576,-0.001038688950888334,0.4265975820379965,0.41379310344827586,-0.08373622547115456,0.8876361588094993,0.5334428792730082,580,58,10.0,0.9230832982520665,114,1,20260407,0.028256874130863786,20260306,-0.03499930416557613,-0.0886831207677331,-0.12870031875219845,-0.16107698230046785,465,114,1,0,0,20260225,20260320,18
capacity_1000000_part_1000bp_slip_15bp,slippage_plus_impact_plus_participation_partial_zero,1000000,0.1,15,True,True,True,True,True,-0.11179271465228935,-0.0019605012921980833,0.41796200345423146,0.3793103448275862,-0.12951029492631083,0.7996163704328738,0.5334428792730082,580,58,10.0,0.9230832982520665,114,1,20260407,0.027276998266556753,20260306,-0.035955731764246344,-0.13537703380248434,-0.17171385900748326,-0.20093862091016335,465,114,1,0,0,20260224,20260519,57
capacity_1000000_part_1000bp_slip_20bp,slippage_plus_impact_plus_participation_partial_zero,1000000,0.1,20,True,True,True,True,True,-0.15810252461277552,-0.002881394132062572,0.40414507772020725,0.3620689655172414,-0.17342233750543656,0.7210720171024624,0.5334428792730082,580,58,10.0,0.9230832982520665,114,1,20260407,0.026298099726949374,20260306,-0.0369112054095357,-0.17967550011910316,-0.21260113260128033,-0.23890354060986152,465,114,1,0,0,20260224,20260519,57
capacity_5000000_part_100bp_slip_5bp,slippage_plus_impact_plus_participation_partial_zero,5000000,0.01,5,True,True,True,True,True,-0.011385120554287642,-0.0001940322950153364,0.4438687392055268,0.46551724137931033,-0.018643487478682608,0.8753382809415833,0.5334428792730082,580,58,10.0,0.1288795986143042,563,1,20260513,0.00945255317634899,20260302,-0.007800201466293294,-0.02064254893909445,-0.030574100678576577,-0.035762662203477236,16,563,1,0,0,20260224,20260408,31
capacity_5000000_part_100bp_slip_10bp,slippage_plus_impact_plus_participation_partial_zero,5000000,0.01,10,True,True,True,True,True,-0.018740543102057416,-0.0003226843506643623,0.4317789291882556,0.46551724137931033,-0.025509846297590566,0.8023254992938753,0.5334428792730082,580,58,10.0,0.1288795986143042,563,1,20260513,0.009097917884014161,20260302,-0.008476097426572118,-0.02758747242730064,-0.03704901721124665,-0.04193143006493738,16,563,1,0,0,20260224,20260519,57
capacity_5000000_part_100bp_slip_15bp,slippage_plus_impact_plus_participation_partial_zero,5000000,0.01,15,True,True,True,True,True,-0.02603594645998042,-0.00045120799658436626,0.4214162348877375,0.43103448275862066,-0.032448612658980025,0.7359422619922278,0.5334428792730082,580,58,10.0,0.1288795986143042,563,1,20260513,0.008743636556749099,20260302,-0.009151318758070626,-0.03447811887611618,-0.043476007871880995,-0.048056306853561104,16,563,1,0,0,20260224,20260519,57
capacity_5000000_part_100bp_slip_20bp,slippage_plus_impact_plus_participation_partial_zero,5000000,0.01,20,True,True,True,True,True,-0.03327186233374513,-0.0005796034249312084,0.4110535405872193,0.39655172413793105,-0.03933298166203969,0.6753763586885093,0.5334428792730082,580,58,10.0,0.1288795986143042,563,1,20260513,0.008389708664874044,20260302,-0.009825866470330792,-0.0413149505995849,-0.0498554609665115,-0.0541807224237284,16,563,1,0,0,20260224,20260519,57
capacity_5000000_part_300bp_slip_5bp,slippage_plus_impact_plus_participation_partial_zero,5000000,0.03,5,True,True,True,True,True,-0.022867666883964466,-0.0003871698335927701,0.4421416234887737,0.4827586206896552,-0.03817098102303784,0.8819252444520101,0.5334428792730082,580,58,10.0,0.27258613978617613,512,1,20260520,0.013988207288985663,20260227,-0.017064076367907844,-0.03634743866645995,-0.05649252494124879,-0.06898026781353239,67,512,1,0,0,20260225,20260519,56
capacity_5000000_part_300bp_slip_10bp,slippage_plus_impact_plus_participation_partial_zero,5000000,0.03,10,True,True,True,True,True,-0.038188649528372975,-0.0006592968331518572,0.43005181347150256,0.4827586206896552,-0.05216153905263321,0.8082427159538801,0.5334428792730082,580,58,10.0,0.27258613978617613,512,1,20260520,0.013407310388339814,20260227,-0.017656379011575553,-0.05091334884582699,-0.0699207756368998,-0.08161174850229813,67,512,1,0,0,20260225,20260519,56
capacity_5000000_part_300bp_slip_15bp,slippage_plus_impact_plus_participation_partial_zero,5000000,0.03,15,True,True,True,True,True,-0.05326121369412973,-0.0009311522394483709,0.41968911917098445,0.41379310344827586,-0.06594105157682129,0.7412375536727823,0.5334428792730082,580,58,10.0,0.27258613978617613,512,1,20260520,0.012826993242533993,20260227,-0.018248090537904584,-0.06525122985228149,-0.08315064625231516,-0.09406504577957964,67,512,1,0,0,20260225,20260519,56
capacity_5000000_part_300bp_slip_20bp,slippage_plus_impact_plus_participation_partial_zero,5000000,0.03,20,True,True,True,True,True,-0.06808952097409371,-0.0012027364588703274,0.40932642487046633,0.3793103448275862,-0.07957499274848767,0.6801416594480795,0.5334428792730082,580,58,10.0,0.27258613978617613,512,1,20260520,0.01224725498407869,20260227,-0.0188392118313551,-0.07936477531809749,-0.09618517566457385,-0.10634277003257686,67,512,1,0,0,20260224,20260519,57
capacity_5000000_part_500bp_slip_5bp,slippage_plus_impact_plus_participation_partial_zero,5000000,0.05,5,True,True,True,True,True,-0.02724131435770638,-0.0004589586709849998,0.4421416234887737,0.5344827586206896,-0.04404623405865837,0.8916506981245226,0.5334428792730082,580,58,10.0,0.3611912367787948,482,1,20260520,0.015321386057635125,20260227,-0.01980758619401692,-0.04192042145453778,-0.06478435018106099,-0.08268512935921335,97,482,1,0,0,20260225,20260519,56
capacity_5000000_part_500bp_slip_10bp,slippage_plus_impact_plus_participation_partial_zero,5000000,0.05,10,True,True,True,True,True,-0.04740214760602368,-0.0008195954466706631,0.4283246977547496,0.5172413793103449,-0.06242514453234138,0.8157329235033731,0.5334428792730082,580,58,10.0,0.3611912367787948,482,1,20260520,0.014570910402658972,20260227,-0.020587298527479328,-0.06108302275696731,-0.08247276094921097,-0.09921204478534884,97,482,1,0,0,20260225,20260519,56
capacity_5000000_part_500bp_slip_15bp,slippage_plus_impact_plus_participation_partial_zero,5000000,0.05,15,True,True,True,True,True,-0.06713591447033052,-0.0011798723094251337,0.41796200345423146,0.41379310344827586,-0.08044212625482383,0.7468897165063156,0.5334428792730082,580,58,10.0,0.3611912367787948,482,1,20260520,0.013821183714334922,20260227,-0.021366232739413578,-0.07985342926852557,-0.09981833089630432,-0.1154334702124451,97,482,1,0,0,20260225,20260519,56
capacity_5000000_part_500bp_slip_20bp,slippage_plus_impact_plus_participation_partial_zero,5000000,0.05,20,True,True,True,True,True,-0.08645185968934632,-0.0015397897977654337,0.40414507772020725,0.3793103448275862,-0.0985637742458656,0.6842787961698348,0.5334428792730082,580,58,10.0,0.3611912367787948,482,1,20260520,0.013072204872031248,20260227,-0.02214438999403946,-0.09823985307537808,-0.11682786811483759,-0.13135519774875193,97,482,1,0,0,20260224,20260519,57
capacity_5000000_part_1000bp_slip_5bp,slippage_plus_impact_plus_participation_partial_zero,5000000,0.1,5,True,True,True,True,True,-0.040562533088032926,-0.0006846628800042602,0.4386873920552677,0.4827586206896552,-0.05887944914053145,0.8819557065439441,0.5334428792730082,580,58,10.0,0.517804037267043,425,1,20260520,0.017677089967384194,20260227,-0.021707481261424952,-0.057227998575936856,-0.08591601579557429,-0.10935412857800586,154,425,1,0,0,20260225,20260519,56
capacity_5000000_part_1000bp_slip_10bp,slippage_plus_impact_plus_participation_partial_zero,5000000,0.1,10,True,True,True,True,True,-0.06894033041451186,-0.0012016452697434187,0.4265975820379965,0.43103448275862066,-0.08544477158432084,0.8032634147218533,0.5334428792730082,580,58,10.0,0.517804037267043,425,1,20260520,0.016747630510328276,20260227,-0.022637427755261764,-0.08427652876046676,-0.11102301032524864,-0.1328115800618761,154,425,1,0,0,20260224,20260519,57
capacity_5000000_part_1000bp_slip_15bp,slippage_plus_impact_plus_participation_partial_zero,5000000,0.1,15,True,True,True,True,True,-0.0964688770652834,-0.0017181117580493586,0.41796200345423146,0.3793103448275862,-0.11139126511473019,0.7323135978162113,0.5334428792730082,580,58,10.0,0.517804037267043,425,1,20260520,0.015819098602308145,20260227,-0.02356644623458029,-0.11053934290277811,-0.13543136202290929,-0.15564276281371203,154,425,1,0,0,20260224,20260519,57
capacity_5000000_part_1000bp_slip_20bp,slippage_plus_impact_plus_participation_partial_zero,5000000,0.1,20,True,True,True,True,True,-0.12317389104684884,-0.0022340631167709576,0.40241796200345425,0.3793103448275862,-0.13659244189734343,0.6681260395768154,0.5334428792730082,580,58,10.0,0.517804037267043,425,1,20260520,0.014891492855552552,20260227,-0.024494538087817423,-0.1360395518873977,-0.15916076864225615,-0.17786462801840697,154,425,1,0,0,20260224,20260519,57
